country,year,import_in_usd,export_in_usd
Austria,2018,184195200603.949,176991970620.195
Austria,2017,166475080970.019,159970530802.934
Austria,2016,149987386054.557,144700690215.736
Austria,2015,147927653250.615,145275530315.014
Austria,2014,172446638357.056,169712859499.776
Austria,2013,173366037687.729,166273910254.833
Austria,2012,169657276310.24,158820719332.351
Austria,2011,182349823981.0,169511432541.0
Austria,2010,150592664071.0,144882002012.0
Austria,2009,136418429213.0,131387248005.0
Austria,2008,175025754112.0,172227951752.0
Austria,2007,156055652650.0,156588406562.0
Austria,2006,134356314386.0,134169531326.0
Austria,2005,119950092010.0,117721712170.0
Austria,2004,111261147199.0,110829757357.0
Austria,2003,91595357834.0,89256767360.0
Austria,2002,72796195961.0,73112664770.0
Austria,2001,70491571059.0,66492423852.0
Austria,2000,68373911913.0,63674699062.0
Austria,1999,66003473393.0,59271554655.0
Austria,1998,67098177536.0,60856832000.0
Austria,1997,63630995456.0,56713719808.0
Austria,1996,67283750912.0,57830457344.0
Austria,1995,66405670912.0,57582931968.0
Austria,1994,55290413056.0,45072183296.0
Belgium,2018,454713800856.886,468643264452.215
Belgium,2017,409024843777.361,430092419275.299
Belgium,2016,379298335402.493,398306080228.12
Belgium,2015,371025046731.0,397739156690.0
Belgium,2014,452772540874.0,472201274292.0
Belgium,2013,488527196756.0,511505015004.0
Belgium,2012,437882665741.0,446854421188.0
Belgium,2011,466348604445.0,475957504390.0
Belgium,2010,391255897338.0,407595914298.0
Belgium,2009,354586368473.0,370879193628.0
Belgium,2008,466338013887.0,471797820094.0
Belgium,2007,413035800320.0,431743842738.0
Belgium,2006,353093659615.0,366835492350.0
Belgium,2005,319085461278.0,335691778058.0
Belgium,2004,286478237982.0,307690419647.0
Belgium,2003,234922194436.0,255553660880.0
Belgium,2002,198094630569.0,215803005428.0
Belgium,2001,178697512388.0,190309486976.0
Belgium,2000,176990651494.0,187838904743.0
Belgium,1999,164603472960.0,178866828247.0
Belgium-Luxembourg,1998,166721634304.0,178615435264.0
Belgium-Luxembourg,1997,159458607104.0,172699795456.0
Belgium-Luxembourg,1996,157996204032.0,168343584768.0
Belgium-Luxembourg,1995,153388335104.0,168153612288.0
Bulgaria,2018,37927842259.0892,33787143989.759
Bulgaria,2017,34263590069.6647,31588418276.1586
Bulgaria,2016,28958139912.6033,26688182909.3707
Bulgaria,2015,29265116176.0,25778745945.0
Bulgaria,2014,34740042449.0,29386540311.0
Bulgaria,2013,34316572909.0,29510574320.0
Bulgaria,2012,32743133695.0,26698780088.0
Bulgaria,2011,32493611423.0,28165219747.0
Bulgaria,2010,25359886220.0,20608005156.0
Bulgaria,2009,23340811547.0,16502519893.0
Bulgaria,2008,37015366386.0,22485509057.0
Bulgaria,2007,30085387539.0,18575129425.0
Bulgaria,2006,23268729351.0,15101457070.0
Bulgaria,2005,18162452722.0,11739329329.0
Bulgaria,2004,14467100657.0,9931087433.0
Bulgaria,2003,10886579888.0,7540175591.0
Bulgaria,2002,7987045940.0,5748869468.0
Bulgaria,2001,7278158957.0,5113888232.0
Bulgaria,2000,6504688325.0,4821843864.0
Bulgaria,1999,5409527038.0,3924528950.0
Bulgaria,1998,4995096064.0,4292926720.0
Bulgaria,1997,4931953664.0,4939664384.0
Bulgaria,1996,5073922048.0,4890187776.0
Croatia,2018,28113089203.0,17210469290.0
Croatia,2017,24512646924.0,15732485216.0
Croatia,2016,21829864971.0,13647534058.0
Croatia,2015,20580470841.0,12843529322.0
Croatia,2014,22906873370.0,13843899840.0
Croatia,2013,21931993510.0,12741618485.0
Croatia,2012,20834262292.0,12368983411.0
Croatia,2011,22714694002.0,13364022440.0
Croatia,2010,20067004556.0,11810676241.0
Croatia,2009,21204851207.0,10491835496.0
Croatia,2008,30726986737.0,14123674785.0
Croatia,2007,25829460931.0,12360221564.0
Croatia,2006,21502493972.0,10376964369.0
Croatia,2005,18560366869.0,8772552653.0
Croatia,2004,16589172476.0,8024156751.0
Croatia,2003,14209034610.0,6186630195.0
Croatia,2002,10722045127.0,4903584487.0
Croatia,2001,9147129932.0,4665908208.0
Croatia,2000,7886511618.0,4431597348.0
Croatia,1999,7777378559.0,4279690427.0
Croatia,1998,8383010304.0,4541103616.0
Croatia,1997,9122318336.0,4340856320.0
Croatia,1996,7787760128.0,4511729152.0
Croatia,1995,7509185024.0,4632655872.0
Croatia,1994,5229113856.0,4260363776.0
Croatia,1993,4666346496.0,3903808256.0
Croatia,1992,4460712960.0,4597484032.0
Cyprus,2018,10812572215.6098,5065369407.27233
Cyprus,2017,9308162125.93184,3360377370.32663
Cyprus,2016,7867367482.34086,2997208894.16929
Cyprus,2015,7132831474.76192,3367019568.07698
Cyprus,2014,8056396319.12361,3270257585.83559
Cyprus,2013,6418215727.0,2134405446.0
Cyprus,2012,7376933504.0,1826017361.0
Cyprus,2011,8788557849.0,1954770383.0
Cyprus,2010,8644721987.0,1506457953.0
Cyprus,2009,7933397121.0,1350948810.0
Cyprus,2008,10849019023.0,1713315359.0
Cyprus,2007,8748906634.0,1486412281.0
Cyprus,2006,7045698860.0,1414865802.0
Cyprus,2005,6382106088.0,1546373415.0
Cyprus,2004,5730420745.0,1171483862.0
Cyprus,2003,4466429464.0,923135055.0
Cyprus,2002,4083302536.0,837007019.0
Cyprus,2001,3924683234.0,997160970.0
Cyprus,2000,3846316785.0,980554638.0
Cyprus,1999,3617947136.0,997005504.0
Cyprus,1998,3686276608.0,1061851200.0
Cyprus,1997,3698056448.0,1250107776.0
Cyprus,1996,3981867520.0,1390613376.0
Cyprus,1995,3693766400.0,1230544256.0
Cyprus,1994,3014050816.0,961219072.0
Cyprus,1993,2535929856.0,867296128.0
Cyprus,1992,3300408832.0,1005167296.0
Cyprus,1991,2620282624.0,951804544.0
Cyprus,1990,2563593472.0,949220608.0
Czech Rep.,2019,175175148622.0,197630317027.0
Czech Rep.,2018,184924023432.0,202521577709.0
Czech Rep.,2017,162898931578.0,182231360523.0
Czech Rep.,2016,142327655949.0,162087332190.0
Czech Rep.,2015,140716185564.0,157194122601.0
Czech Rep.,2014,153225461484.0,174279451675.0
Czech Rep.,2013,142525808089.0,161524152111.0
Czech Rep.,2012,139726823793.0,156422742613.0
Czech Rep.,2011,150813415501.0,162391721227.0
Czech Rep.,2010,125690657757.0,132140913815.0
Czech Rep.,2009,104849536210.0,112884321338.0
Czech Rep.,2008,141833835988.0,146087028735.0
Czech Rep.,2007,116822197474.0,120900492192.0
Czech Rep.,2006,93429474463.0,95140986342.0
Czech Rep.,2005,76527310253.0,78208547529.0
Czech Rep.,2004,66705681857.0,65771586904.0
Czech Rep.,2003,51239343424.0,48720350334.0
Czech Rep.,2002,48230794211.0,44263575824.0
Czech Rep.,2001,36476653549.0,33384210374.0
Czech Rep.,2000,32242586506.0,29052866787.0
Czech Rep.,1999,28837311765.0,26842601535.0
Czech Rep.,1998,30524192768.0,28305768448.0
Czech Rep.,1997,27183540224.0,22746343424.0
Czech Rep.,1996,27717294080.0,21907320832.0
Czech Rep.,1995,25303402496.0,21685565440.0
Czech Rep.,1994,14950940672.0,14081443840.0
Czech Rep.,1993,12703873024.0,12892198912.0
Denmark,2019,97009143924.1228,109866809503.807
Denmark,2018,101675698528.429,108564263153.843
Denmark,2017,92117788022.8474,101434430887.351
Denmark,2016,84427760620.1768,94729013059.7222
Denmark,2015,85327361281.0,94618816682.0
Denmark,2014,99567827973.0,110748921250.0
Denmark,2013,97251542755.0,110469532387.0
Denmark,2012,91325521622.0,106104022220.0
Denmark,2011,96008493220.0,112713338879.0
Denmark,2010,82724280372.0,96216730270.0
Denmark,2009,80096730483.0,92090687343.0
Denmark,2008,109008153707.0,116271811024.0
Denmark,2007,97422845558.0,101957401495.0
Denmark,2006,84131166534.0,90886573242.0
Denmark,2005,72715727008.0,82278145320.0
Denmark,2004,66845208976.0,74740558446.0
Denmark,2003,56227253873.0,64614226301.0
Denmark,2002,49284928743.0,55673560165.0
Denmark,2001,44625173798.0,50973842380.0
Denmark,2000,44533303695.0,49102286748.0
Denmark,1999,44316614710.0,49027809020.0
Denmark,1998,45700681728.0,47709990912.0
Denmark,1997,44492341248.0,48800432128.0
Denmark,1996,43126353920.0,48884543488.0
Denmark,1995,43141529600.0,48789127168.0
Denmark,1994,35436449792.0,41602367488.0
Denmark,1993,30535712768.0,37170991104.0
Denmark,1992,33590321152.0,39553110016.0
Denmark,1991,32169422848.0,35713056768.0
Denmark,1990,31575709696.0,34842796032.0
Estonia,2018,19839355105.7504,17856964736.8682
Estonia,2017,17372913325.6158,15387735462.7118
Estonia,2016,15682263347.6095,13967429425.7846
Estonia,2015,15731849158.0,13907609950.0
Estonia,2014,20184649524.0,17465559809.0
Estonia,2013,20186202053.0,18284136368.0
Estonia,2012,20070375616.0,18161223711.0
Estonia,2011,18963366160.0,18139131426.0
Estonia,2010,13196568155.0,12811364478.0
Estonia,2009,11359986312.0,10445840389.0
Estonia,2008,17334620513.0,13703857642.0
Estonia,2007,16665173899.0,11739446694.0
Estonia,2006,14640717076.0,10039366950.0
Estonia,2005,11017581227.0,8247444129.0
Estonia,2004,9064122230.0,6530529159.0
Estonia,2003,7944175480.0,5629181510.0
Estonia,2002,5864475519.0,4341041344.0
Estonia,2001,5207843491.0,3996831790.0
Estonia,2000,5051531691.0,3829703514.0
Estonia,1999,4109452226.0,3017194127.0
Estonia,1998,4786737664.0,3244834048.0
Estonia,1997,4437264896.0,2935698944.0
Estonia,1996,3223890944.0,2077993472.0
Estonia,1995,2546270976.0,1840378240.0
Finland,2018,78352161411.6237,75258290459.809
Finland,2017,70100319875.0065,67280640848.3786
Finland,2016,60501949554.0,57325871718.0
Finland,2015,60174387730.0,59682311206.0
Finland,2014,76773254674.0,74338833529.0
Finland,2013,77587001767.0,74445385637.0
Finland,2012,76089021011.0,72974489144.0
Finland,2011,83861658166.0,78794218004.0
Finland,2010,68767143783.0,70116501475.0
Finland,2009,60830316844.0,62860482542.0
Finland,2008,92189842878.0,96896070517.0
Finland,2007,81576271859.0,89798884876.0
Finland,2006,69427442555.0,77279102962.0
Finland,2005,58472542339.0,65238316354.0
Finland,2004,50678021636.0,60918355298.0
Finland,2003,41593247970.0,52509302880.0
Finland,2002,33440047097.0,44517737827.0
Finland,2001,33267927177.0,44300007648.0
Finland,2000,33886398313.0,45474931211.0
Finland,1999,31614075338.0,41765477900.0
Finland,1998,32394584064.0,43210153984.0
Finland,1997,31001018368.0,40980000768.0
Finland,1996,30859608064.0,40561508352.0
Finland,1995,29519845376.0,40408522752.0
Finland,1994,23357644800.0,29761130496.0
Finland,1993,18032754688.0,23473397760.0
Finland,1992,21176002560.0,23952158720.0
Finland,1991,21788467200.0,23017195520.0
Finland,1990,27004112896.0,26649989120.0
France,2018,659374522338.024,568535879844.931
France,2017,613132639717.873,523385133284.496
France,2016,560554862702.0,488885072443.0
France,2015,563398247561.0,493941214224.0
France,2014,659872076384.0,566656165381.0
France,2013,671253553277.0,567987697540.0
France,2012,666675230977.0,558460545476.0
France,2011,713675253798.0,585723823817.0
France,2010,599171506084.0,511651042741.0
France,2009,540502282883.0,464112810974.0
France,2008,695004283255.0,594504995007.0
France,2007,611364435458.0,539730711536.0
France,2006,529902263137.0,479012852041.0
France,2005,475856799498.0,434354245109.0
France,2004,434241852984.0,413708421587.0
France,2003,362517303508.0,358131717318.0
France,2002,303831441914.0,304891879379.0
France,2001,293865640535.0,289599104778.0
France,2000,303757850581.0,295345419474.0
France,1999,286592827392.0,296025161728.0
France,1998,286035836928.0,300571066368.0
France,1997,266575347712.0,283345616896.0
France,1996,274913755136.0,283901198336.0
France,1995,273387339776.0,284045606912.0
France,1994,228281548800.0,233307193344.0
Germany,2018,1292726052270.05,1562418816337.22
Germany,2017,1167753355161.98,1446642435221.61
Germany,2016,1060882070132.76,1337236557704.33
Germany,2015,1057535853584.25,1328500248528.88
Germany,2014,1214915241976.31,1498238432429.61
Germany,2013,1187301533128.98,1450937515315.42
Germany,2012,1161247823737.51,1410146320662.18
Germany,2011,1261588484277.22,1483802558038.43
Germany,2010,1060672352047.81,1267743108880.74
Germany,2009,928891172150.158,1125844047764.62
Germany,2008,1192581758828.27,1457462950353.87
Germany,2007,1059307813000.0,1328841354000.0
Germany,2006,922213393000.0,1121962887000.0
Germany,2005,779819058000.0,977131972000.0
Germany,2004,718150018000.0,911742096000.0
Germany,2003,601761022000.0,748531267000.0
Germany,2002,490450056000.0,615997391000.0
Germany,2001,486022068000.0,571426720000.0
Germany,2000,500830026000.0,549606741000.0
Germany,1999,473500680192.0,542835572736.0
Germany,1998,471226318848.0,543555256320.0
Germany,1997,445495672832.0,512440270848.0
Germany,1996,458699728664.0,524165984155.0
Germany,1995,464145333000.0,523696751000.0
Germany,1994,381538916000.0,427100056000.0
Germany,1993,342558712000.0,380074808000.0
Germany,1992,408307127000.0,430276307000.0
Germany,1991,388915818000.0,402532045000.0
Greece,2019,62100390058.0159,37805463512.9381
Greece,2018,65141447585.1905,39490521437.8539
Greece,2017,55300597553.1298,32154816405.6379
Greece,2016,47595035419.0,27810924841.0
Greece,2015,47263979668.0,28289236579.0
Greece,2014,62180636372.0,35755371471.0
Greece,2013,61148119836.0,36261644044.0
Greece,2012,62504427046.0,35151146150.0
Greece,2011,66692056018.0,33377038760.0
Greece,2010,66452642920.0,27585695544.0
Greece,2009,71538438052.0,24236625001.0
Greece,2008,94347055932.0,31127436552.0
Greece,2007,76099246073.0,23504156356.0
Greece,2006,63738963855.0,20942761761.0
Greece,2005,54893897323.0,17434446631.0
Greece,2004,52810385204.0,15246705800.0
Greece,2003,44854519863.0,13655065868.0
Greece,2002,31299036006.0,10327361391.0
Greece,2001,28434455939.0,10402391191.0
Greece,2000,29486860105.0,10847422723.0
Greece,1999,30434422777.0,11035073886.0
Greece,1998,30266642432.0,10867735552.0
Greece,1997,26970617856.0,11166989312.0
Greece,1996,28418924544.0,11879593984.0
Greece,1995,25926758400.0,10954619904.0
Greece,1994,21491556863.0,9398983808.0
Greece,1993,22004453376.0,8783706112.0
Greece,1992,23451555840.0,9838260224.0
Greece,1990,19777003520.0,8059650048.0
Hungary,2018,117381592676.0,123957885048.0
Hungary,2017,104283798638.0,113382077421.0
Hungary,2016,92209667137.0,103009508296.0
Hungary,2015,90760850877.0,100296847323.0
Hungary,2014,104178438000.0,112536243771.0
Hungary,2013,99295902335.0,108014637456.0
Hungary,2012,94300664567.0,102829804313.0
Hungary,2011,101369997000.0,111216834000.0
Hungary,2010,87432095000.0,94748737000.0
Hungary,2009,77272443000.0,82571847000.0
Hungary,2008,108784724000.0,108211166000.0
Hungary,2007,94659727000.0,94590870000.0
Hungary,2006,76978511000.0,74055406000.0
Hungary,2005,65919579000.0,62271839000.0
Hungary,2004,60248602000.0,55468212000.0
Hungary,2003,47674542000.0,43003656000.0
Hungary,2002,37611572000.0,34336583000.0
Hungary,2001,33681734000.0,30497719000.0
Hungary,2000,32080002000.0,28092242000.0
Hungary,1999,28008226000.0,25012186000.0
Hungary,1998,25706391552.0,23005022208.0
Hungary,1997,21234012160.0,19099193344.0
Hungary,1996,16042644480.0,12632794112.0
Hungary,1995,15185560576.0,12452023296.0
Hungary,1994,14553612000.0,10699843000.0
Hungary,1993,11376082944.0,8240058880.0
Hungary,1992,10873580544.0,10054975488.0
Ireland,2018,106931073268.228,167017887791.416
Ireland,2017,88828357456.9533,138072213252.209
Ireland,2016,82028942307.2815,132009760447.082
Ireland,2015,77795266456.1938,124730515438.143
Ireland,2014,82595130511.0413,123071289030.773
Ireland,2013,74089274561.9673,118447211689.364
Ireland,2012,72218451770.6768,120208957761.425
Ireland,2011,73781587355.8603,129657903251.673
Ireland,2010,64600595239.0251,120645180498.193
Ireland,2009,62566426399.0,116894674172.0
Ireland,2008,84953475320.0,127111345348.0
Ireland,2007,87045335180.0,122232810734.0
Ireland,2006,76620719427.0,108762824436.0
Ireland,2005,70283642092.0,110003088450.0
Ireland,2004,62344521999.0,104308434697.0
Ireland,2003,53781899296.0,93038463772.0
Ireland,2002,52214415070.0,88478828639.0
Ireland,2001,51375643592.0,82972822110.0
Ireland,2000,50648770771.0,76261884998.0
Ireland,1999,47207837696.0,71226728448.0
Ireland,1998,44378009600.0,64246931456.0
Ireland,1997,39232667648.0,53619650560.0
Ireland,1996,35764649984.0,45565353984.0
Ireland,1995,32321019904.0,43789340672.0
Ireland,1994,25763815424.0,34395123712.0
Ireland,1993,21662992384.0,28856508416.0
Ireland,1992,22482694144.0,28334530560.0
Italy,2018,503581133885.029,549906995682.879
Italy,2017,453583034460.286,507430236336.365
Italy,2016,406670669866.631,461667625429.242
Italy,2015,410933397835.203,456988625514.476
Italy,2014,474082558910.0,529528733451.0
Italy,2013,479336353444.0,518095102500.0
Italy,2012,489104116138.0,501528850943.0
Italy,2011,558831981537.0,523256296222.0
Italy,2010,486984371949.0,446839829715.0
Italy,2009,414783638344.0,406479126912.0
Italy,2008,560960371006.0,541786282701.0
Italy,2007,511822513748.0,500203413157.0
Italy,2006,442565102846.0,417152997021.0
Italy,2005,384835560619.0,372957145924.0
Italy,2004,355266852816.0,353543123270.0
Italy,2003,297402799020.0,299465735949.0
Italy,2002,246609477011.0,254215603982.0
Italy,2001,236126622376.0,244252016495.0
Italy,2000,238068541484.0,239931704039.0
Italy,1999,220056096159.0,234962950629.0
Italy,1998,215590076416.0,242102206464.0
Italy,1997,208317104128.0,238265778176.0
Italy,1996,208116039680.0,252098576384.0
Italy,1995,200319909888.0,230441484288.0
Italy,1994,167975026688.0,190004543488.0
Latvia,2018,18613315167.8859,15032702015.782
Latvia,2017,16053149440.461,13189947231.0408
Latvia,2016,13736506776.631,11607295065.3192
Latvia,2015,14095807354.8404,11649939894.5665
Latvia,2014,17127924107.8149,13782781935.3959
Latvia,2013,16778948555.0,13324704654.0
Latvia,2012,16082387658.0,12685521524.0
Latvia,2011,15430778744.0,11988196196.0
Latvia,2010,11143287701.0,8850801231.0
Latvia,2009,9336920239.0,7171469774.0
Latvia,2008,15775195747.0,9280774291.0
Latvia,2007,15185449484.0,7893151481.0
Latvia,2006,11427301264.0,5891472502.0
Latvia,2005,8770450014.0,5302744686.0
Latvia,2004,7311043724.0,4378646882.0
Latvia,2003,5244011345.0,2893681287.0
Latvia,2002,4053715628.0,2284417388.0
Latvia,2001,3504416986.0,2000733101.0
Latvia,2000,3190830191.0,1869272919.0
Latvia,1999,2946780984.0,1723793807.0
Latvia,1998,3191363072.0,1811128064.0
Latvia,1997,2720941056.0,1671602048.0
Latvia,1996,2319496960.0,1443301376.0
Latvia,1995,1818007680.0,1305006592.0
Latvia,1994,1241478784.0,989689664.0
Lithuania,2018,36501414404.61,33334576736.83
Lithuania,2017,30978718199.5,29349549370.81
Lithuania,2016,27391399189.67,25022652473.8
Lithuania,2015,28176441602.0,25411022244.0
Lithuania,2014,35217366877.0,32394296287.0
Lithuania,2013,34813224764.0,32599742784.0
Lithuania,2012,32237640017.0,29652662128.0
Lithuania,2011,31801287866.0,28068648237.0
Lithuania,2010,23378047393.0,20813922632.0
Lithuania,2009,18340632911.0,16496339326.0
Lithuania,2008,31294662543.0,23769895309.0
Lithuania,2007,24445067457.0,17162395776.0
Lithuania,2006,19388425405.0,14135189839.0
Lithuania,2005,15704432297.0,12070443660.0
Lithuania,2004,12379200835.0,9302608608.0
Lithuania,2003,9803635901.0,7162432963.0
Lithuania,2002,7709309670.0,5475632489.0
Lithuania,2001,6353270743.0,4583049510.0
Lithuania,2000,5456480316.0,3809411167.0
Lithuania,1999,4834490072.0,3003828561.0
Lithuania,1998,5793748992.0,3710731520.0
Lithuania,1997,5643365888.0,3862455552.0
Lithuania,1996,4558530048.0,3356355072.0
Lithuania,1995,3648539392.0,2705662208.0
Lithuania,1994,2588999986.0,2029000000.0
Luxembourg,2018,23118820384.9876,15148367371.3814
Luxembourg,2017,21070831564.3989,13959035854.0587
Luxembourg,2016,19123618193.0,12838381070.0
Luxembourg,2015,19296337662.0,12625702669.0
Luxembourg,2014,23850012349.0,14790882956.0
Luxembourg,2013,23934080172.0,13826005986.0
Luxembourg,2012,24284889959.0,13726902677.0
Luxembourg,2011,25971633904.0,16307879411.0
Luxembourg,2010,20399987741.0,13911259203.0
Luxembourg,2009,18770617979.0,12542132517.0
Luxembourg,2008,25498095369.0,17380796716.0
Luxembourg,2007,22288700591.0,16197286679.0
Luxembourg,2006,19640455309.0,14183095734.0
Luxembourg,2005,17585502503.0,12714922011.0
Luxembourg,2004,16771715410.0,12167836185.0
Luxembourg,2003,13646402935.0,9987082177.0
Luxembourg,2002,11528844484.0,8592956315.0
Luxembourg,2001,11187657219.0,8259975150.0
Luxembourg,2000,10592383579.0,7876174863.0
Luxembourg,1999,10346585824.0,7673970126.0
Malta,2018,7204023522.9163,3868514079.30072
Malta,2017,6827870815.65529,4077731851.86228
Malta,2016,7181978806.0,4038642974.0
Malta,2015,6788000921.0,3915447978.0
Malta,2014,8445208701.0,4970788422.0
Malta,2013,7525360716.0,5206239197.0
Malta,2012,7896220752.0,5646270198.0
Malta,2011,7395938428.0,5278693591.0
Malta,2010,5732174585.0,3716753993.0
Malta,2009,4034116625.0,2280269219.0
Malta,2008,5140832421.0,3028516490.0
Malta,2007,4947024161.0,3158339102.0
Malta,2006,4395512725.0,2847260492.0
Malta,2005,3865229252.0,2430591661.0
Malta,2004,4153374583.0,2631727830.0
Malta,2003,3402368654.0,2466970737.0
Malta,2002,2839178669.0,2126266232.0
Malta,2001,2725032393.0,1758218235.0
Malta,2000,3399959136.0,2442762625.0
Malta,1999,2840153600.0,1979632128.0
Malta,1998,2666498816.0,1832752768.0
Malta,1997,2553495296.0,1644257280.0
Malta,1996,2802324992.0,1747885952.0
Malta,1995,2941744384.0,1913218048.0
Malta,1994,2440715008.0,1557655936.0
Netherlands,2018,500630534558.599,555921409863.087
Netherlands,2017,461870258266.103,527937032302.127
Netherlands,2016,408064986957.379,468170974308.879
Netherlands,2015,393728343914.171,437329137204.627
Netherlands,2014,508032877284.0,571347541556.0
Netherlands,2013,506162309058.0,571246854730.0
Netherlands,2012,500605323498.0,552461793743.0
Netherlands,2011,492837632152.0,530575758686.0
Netherlands,2010,439986633027.0,492645871626.0
Netherlands,2009,382190421771.0,431502452471.0
Netherlands,2008,494936571084.0,545853405260.0
Netherlands,2007,421367715819.0,477640553546.0
Netherlands,2006,358509533502.0,400685883216.0
Netherlands,2005,310591343869.0,349813022655.0
Netherlands,2004,284014019358.0,318040302606.0
Netherlands,2003,233996688734.0,264796481554.0
Netherlands,2002,194114787502.0,219820522373.0
Netherlands,2001,195562207699.0,216157868852.0
Netherlands,2000,198926887688.0,213424403533.0
Netherlands,1999,167875451178.0,170538253232.0
Netherlands,1998,156727887912.0,167595517225.0
Netherlands,1997,162359656448.0,184433197056.0
Netherlands,1996,160895811584.0,177368498176.0
Netherlands,1995,157929373696.0,177626234880.0
Netherlands,1994,130511691776.0,145825202176.0
Netherlands,1993,115667623936.0,131143254016.0
Netherlands,1992,134469935104.0,139934269440.0
Poland,2019,246653880235.0,251864773270.0
Poland,2018,267699886888.0,261815268525.0
Poland,2017,217978575741.0,221307621302.0
Poland,2016,188517818933.0,196455269598.0
Poland,2015,189696473787.0,194461157270.0
Poland,2014,216687292345.0,214476794173.0
Poland,2013,205613792660.0,203847917759.0
Poland,2012,191430111658.0,179603599442.0
Poland,2011,209191546426.0,188105090147.0
Poland,2010,174127590293.0,157064948463.0
Poland,2009,149569835644.0,136641304601.0
Poland,2008,210478513051.0,171859897632.0
Poland,2007,164172482403.0,138784983216.0
Poland,2006,125645308490.0,109584113136.0
Poland,2005,101538809001.0,89378068787.0
Poland,2004,88154396605.0,73778927524.0
Poland,2003,67146113000.0,52755502000.0
Poland,2002,54266342000.0,40253902000.0
Poland,2001,49447434000.0,35367141000.0
Poland,2000,48127384000.0,30955677000.0
Poland,1999,45876120000.0,27374963000.0
Poland,1998,47003859000.0,28193638000.0
Poland,1997,42257501906.0,25700735424.0
Poland,1996,37094949000.0,24393116000.0
Poland,1995,29019476000.0,22862130000.0
Poland,1994,21433480000.0,17194369000.0
Portugal,2018,95629298715.0551,74135905807.867
Portugal,2017,78746119203.7441,62116840516.2769
Portugal,2016,67952834136.5638,55371549249.5768
Portugal,2015,66909182383.9709,55045025717.8039
Portugal,2014,78395890972.0,63834385666.0
Portugal,2013,75713900496.0,62794139450.0
Portugal,2012,72506492414.0,58140499722.0
Portugal,2011,82923617602.0,59588301885.0
Portugal,2010,77682426213.0,49414051268.0
Portugal,2009,71810896681.0,44249979857.0
Portugal,2008,94553785723.0,57246284833.0
Portugal,2007,82267209952.0,52483606244.0
Portugal,2006,70707161372.0,44777435756.0
Portugal,2005,63903733547.0,38672068551.0
Portugal,2004,68222019741.0,44354988764.0
Portugal,2003,47166165432.0,31833580815.0
Portugal,2002,40032082325.0,25825579640.0
Portugal,2001,39456360071.0,24086405739.0
Portugal,2000,39878842403.0,24327667762.0
Portugal,1999,39828577376.0,24493549734.0
Portugal,1998,37048459264.0,24217868288.0
Portugal,1997,34440638464.0,23524898816.0
Portugal,1996,34121867264.0,23180974080.0
Portugal,1995,33565130752.0,23369994240.0
Portugal,1994,27065057280.0,17980733440.0
Portugal,1993,24244244480.0,15417361408.0
Portugal,1992,30610466816.0,18564558848.0
Portugal,1991,26420817920.0,16346464256.0
Portugal,1990,25410539520.0,16425882624.0
Romania,2018,97877632897.85,80077606266.88
Romania,2017,85318177451.14,70626887499.98
Romania,2016,74604616829.0,63581004346.0
Romania,2015,69857682405.0,60605047667.0
Romania,2014,77889070909.0,69877890844.0
Romania,2013,73452191656.0,65881441578.0
Romania,2012,70259718629.0,57904330434.0
Romania,2011,76365284687.0,62692001406.0
Romania,2010,62006624402.0,49413386103.0
Romania,2009,54256269456.0,40620889720.0
Romania,2008,82964978909.0,49538877501.0
Romania,2007,69946195080.0,40264716419.0
Romania,2006,51106038518.0,32336029667.0
Romania,2005,40462893575.0,27729597128.0
Romania,2004,32663737842.0,23485361671.0
Romania,2003,24003123200.0,17618059264.0
Romania,2002,17861681152.0,13875708928.0
Romania,2001,15551616000.0,11384993792.0
Romania,2000,13054494720.0,10366522368.0
Romania,1999,10395266048.0,8502972928.0
Romania,1998,11835426816.0,8300932096.0
Romania,1997,11279739904.0,8431049216.0
Romania,1996,11435274240.0,8084459008.0
Romania,1995,10277897216.0,7910049280.0
Romania,1994,7109047808.0,6151244800.0
Romania,1993,6521681920.0,4892156928.0
Romania,1992,6259609088.0,4363384320.0
Romania,1991,5793350656.0,4265651456.0
Romania,1990,9088603136.0,5847390208.0
Slovakia,2018,92928603861.2476,93443738159.6987
Slovakia,2017,81935090097.9994,83475386333.1902
Slovakia,2016,74920610772.8946,76997192268.0
Slovakia,2015,73053050320.5355,74969507247.2711
Slovakia,2014,81119383355.44,85767258263.2994
Slovakia,2013,80809203389.9074,85189617329.1069
Slovakia,2012,76372724397.8659,79953451796.8147
Slovakia,2011,78796435990.6445,78970052407.0918
Slovakia,2010,65644055128.1131,65306124077.0689
Slovakia,2009,55159944855.0,55553022159.0
Slovakia,2008,72611558377.0,70188697344.0
Slovakia,2007,59207793369.0,58036003409.0
Slovakia,2006,44758621589.0,41686247338.0
Slovakia,2005,34225828873.0,31852133630.0
Slovakia,2004,29456675922.0,27864033854.0
Slovakia,2003,22600764722.0,21916964382.0
Slovakia,2002,16627735554.0,14477417105.0
Slovakia,2001,14769682306.0,12635923084.0
Slovakia,2000,12774126851.0,11884547516.0
Slovakia,1999,11130500282.0,10056773255.0
Slovakia,1998,13070530560.0,10718081024.0
Slovakia,1997,11726973952.0,9633901568.0
Slovakia,1996,9409979392.0,7490881536.0
Slovakia,1995,8161863680.0,8374272512.0
Slovakia,1994,6610932736.0,6690227200.0
Slovenia,2018,36267337521.5,36471278939.42
Slovenia,2017,31149443532.62,31893789564.46
Slovenia,2016,26690369758.47,27657727689.77
Slovenia,2015,25870229469.0,26586979271.0
Slovenia,2014,30049305586.0,30522102229.0
Slovenia,2013,29375441105.0,28628740459.0
Slovenia,2012,28382568378.0,27080021571.0
Slovenia,2011,31236842607.0,28984136412.0
Slovenia,2010,26591707913.0,24434752222.0
Slovenia,2009,23901831218.0,22405415273.0
Slovenia,2008,33985543847.0,29252924301.0
Slovenia,2007,29476189619.0,26551122023.0
Slovenia,2006,23013428111.0,20982712891.0
Slovenia,2005,19626300213.0,17896024019.0
Slovenia,2004,17569445218.0,15878765740.0
Slovenia,2003,13852408345.0,12766870956.0
Slovenia,2002,10932233218.0,10356930502.0
Slovenia,2001,10146304376.0,9252429928.0
Slovenia,2000,10114677691.0,8732145119.0
Slovenia,1999,10081416835.0,8545870832.0
Slovenia,1998,10110369792.0,9050524672.0
Slovenia,1997,9365660672.0,8368848896.0
Slovenia,1996,9420645376.0,8309795840.0
Slovenia,1995,9491651584.0,8315799040.0
Slovenia,1994,7303908864.0,8315799040.0
Spain,2018,376185085923.398,328527654075.783
Spain,2017,350921561671.41,319621896043.699
Spain,2016,302538874349.0,281776673688.0
Spain,2015,305266032300.0,278122010154.0
Spain,2014,350977772970.0,318649311794.0
Spain,2013,332266845875.0,310963647634.0
Spain,2012,325835176357.0,285936445693.0
Spain,2011,362834518549.0,298170964481.0
Spain,2010,315547199309.0,246265330443.0
Spain,2009,287501636242.0,223132207940.0
Spain,2008,418728299509.0,279231467630.0
Spain,2007,391236947607.0,253753921535.0
Spain,2006,329975826516.0,214061202096.0
Spain,2005,289610794906.0,192798426846.0
Spain,2004,259264826295.0,182727353874.0
Spain,2003,208548695563.0,156004713416.0
Spain,2002,165919564934.0,125872283010.0
Spain,2001,154992565306.0,116148837947.0
Spain,2000,152898168796.0,113343229177.0
Spain,1999,147865871280.0,111492928927.0
Spain,1998,134522634240.0,109251190784.0
Spain,1997,124417654784.0,106240696320.0
Spain,1996,123182899200.0,101592293376.0
Spain,1995,113398595584.0,89616056320.0
Spain,1994,92502409216.0,73187876864.0
Spain,1993,79749464064.0,60968476672.0
Spain,1992,99756941312.0,64317505536.0
Spain,1991,93328449536.0,60184915968.0
Spain,1990,87703183360.0,55632228352.0
Sweden,2018,170154447495.327,165926284400.539
Sweden,2017,154195426142.139,152902201865.829
Sweden,2016,140983635202.792,139273334049.354
Sweden,2015,138360516930.0,140001205633.0
Sweden,2014,162257051136.0,164680012839.0
Sweden,2013,160588787761.0,167494677078.0
Sweden,2012,164542408778.0,172439164052.0
Sweden,2011,176944637697.0,186898110097.0
Sweden,2010,148788238595.0,158410621989.0
Sweden,2009,119948706612.0,131116175379.0
Sweden,2008,168981675433.0,183880641872.0
Sweden,2007,152822698820.0,169061476944.0
Sweden,2006,127100924462.0,147370407950.0
Sweden,2005,111351341748.0,130263720466.0
Sweden,2004,100832516828.0,123309700172.0
Sweden,2003,84199455582.0,102410949441.0
Sweden,2002,67120675767.0,82983411602.0
Sweden,2001,63536271623.0,76303316484.0
Sweden,2000,72766525029.0,86937360869.0
Sweden,1999,63989285556.0,75660616644.0
Sweden,1998,68606316544.0,84991770624.0
Sweden,1997,63168258048.0,81477337088.0
Sweden,1996,64431443968.0,83408199680.0
Sweden,1995,61646684160.0,77436321792.0
Sweden,1994,51762065408.0,61077110784.0
Sweden,1993,42634072064.0,49677475840.0
Sweden,1992,49849364480.0,55771148288.0
