country,year,temperature_change,wheat_in_tonnes,barley_in_tonnes,cattle_in_tonnes,forest_in_sqkm,inhabs_in_millions,import_in_usd,export_in_usd,import_in_tonnes,use_in_tonnes
Austria,1990,1.268,1404468.0,1520554.0,223783.0,37756.7,7.68,,,602000000.0,1444000000.0
Austria,1991,0.13,1375253.0,1427045.0,243791.0,37819.17,7.76,,,480000000.0,1309000000.0
Austria,1992,1.25,1325401.0,1342141.0,246667.0,37881.64,7.84,,,376000000.0,1152000000.0
Austria,1993,0.529,1018013.0,1099646.0,223342.0,37944.11,7.91,,,622000000.0,1176000000.0
Austria,1994,1.962,1255122.0,1184350.0,211870.0,38006.58,7.94,55290413056.0,45072183296.0,456000000.0,1052000000.0
Austria,1995,0.943,1301445.0,1065188.0,195880.0,38069.05,7.95,66405670912.0,57582931968.0,532000000.0,1057000000.0
Austria,1996,-0.198,1239723.0,1082789.0,222350.0,38131.520000000004,7.96,67283750912.0,57830457344.0,386000000.0,1137000000.0
Austria,1997,0.517,1352281.0,1257800.0,206021.0,38193.99,7.97,63630995456.0,56713719808.0,592000000.0,1128000000.0
Austria,1998,1.347,1341820.0,1211557.0,196882.0,38256.46,7.98,67098177536.0,60856832000.0,671000000.0,986000000.0
Austria,1999,0.985,1416200.0,1152801.0,203333.0,38318.93,7.99,66003473393.0,59271554655.0,468000000.0,851000000.0
Austria,2000,1.768,1312962.0,854667.0,203489.0,38381.4,8.01,68373911913.0,63674699062.0,261000000.0,699000000.0
Austria,2001,1.504,1508283.0,1012407.0,215240.0,38406.46,8.04,70491571059.0,66492423852.0,316000000.0,770000000.0
Austria,2002,1.539,1434208.07,861391.0,211855.0,38431.520000000004,8.08,72796195961.0,73112664770.0,241000000.0,667000000.0
Austria,2003,1.473,1191380.0,882322.0,207737.0,38456.58,8.12,91595357834.0,89256767360.0,328000000.0,722000000.0
Austria,2004,0.839,1718825.23,1006742.37,206103.0,38481.64,8.17,111261147199.0,110829757357.0,306000000.0,607000000.0
Austria,2005,0.638,1453072.0,879628.0,204468.0,38506.7,8.23,119950092010.0,117721712170.0,182000000.0,497000000.0
Austria,2006,0.921,1396300.0,914052.0,216478.0,38531.76,8.27,134356314386.0,134169531326.0,199000000.0,521000000.0
Austria,2007,2.15,1399341.0,810980.0,217784.0,38556.82,8.29,156055652650.0,156588406562.0,183000000.0,362000000.0
Austria,2008,1.593,1689688.0,967921.0,224231.0,38581.880000000005,8.32,175025754112.0,172227951752.0,184000000.0,351000000.0
Austria,2009,1.552,1523368.0,835107.0,226294.0,38606.94,8.34,136418429213.0,131387248005.0,109000000.0,294000000.0
Austria,2010,0.662,1517805.0,777961.0,226677.0,38632.0,8.36,150592664071.0,144882002012.0,173000000.0,230000000.0
Austria,2011,1.381,1781837.0,859375.0,222168.0,38667.979999999996,8.39,182349823981.0,169511432541.0,86000000.0,223000000.0
Austria,2012,1.791,1275498.0,662466.0,222156.0,38703.96,8.43,169657276310.24,158820719332.351,58000000.0,183000000.0
Austria,2013,1.103,1597706.42,734050.59,228913.0,38739.94,8.48,173366037687.729,166273910254.833,58000000.0,162000000.0
Austria,2014,2.427,1804018.24,845704.92,223193.0,38775.92,8.55,172446638357.056,169712859499.776,40000000.0,140000000.0
Austria,2015,2.183,1725736.81,840433.0,229648.0,38811.9,8.64,147927653250.615,145275530315.014,11000000.0,131000000.0
Austria,2016,2.111,1970363.6,859701.77,228335.0,38847.9,8.74,149987386054.557,144700690215.736,16000000.0,138000000.0
Austria,2017,1.753,1437143.0,782029.0,226859.0,38883.8,8.8,166475080970.019,159970530802.934,67784000.0,97921000.0
Austria,2018,2.535,1367060.0,691030.0,233460.0,38919.7,8.84,184195200603.949,176991970620.195,65340999.99999999,47470000.0
Austria,2019,2.369,1596880.0,828130.0,229610.0,38955.6,8.88,,,44448000.0,53259000.0
Austria,2020,2.32,1652740.0,864860.0,218360.0,38991.5,8.91,,,67130000.0,35680000.0
Austria,2021,1.397,1547600.0,742530.0,213740.0,,8.92,,,32113000.0,331000.0
Belgium,2000,1.468,1687700.0,333400.0,275360.0,6673.0,10.26,176990651494.0,187838904743.0,2347000000.0,1102000000.0
Belgium,2001,1.317,1457400.0,368700.0,285250.0,6695.57,10.31,178697512388.0,190309486976.0,2886000000.0,1228000000.0
Belgium,2002,1.378,1675000.0,342700.0,305388.0,6718.139999999999,10.36,198094630569.0,215803005428.0,3678000000.0,852000000.0
Belgium,2003,1.505,1640364.0,270857.0,275170.0,6740.71,10.4,234922194436.0,255553660880.0,4457000000.0,1219000000.0
Belgium,2004,1.07,1913177.0,304777.0,280931.0,6763.28,10.46,286478237982.0,307690419647.0,5364000000.0,991000000.0
Belgium,2005,1.178,1768410.0,301647.0,267156.0,6785.85,10.52,319085461278.0,335691778058.0,5982000000.0,993000000.0
Belgium,2006,1.379,1661958.0,367348.0,286979.0,6808.42,10.58,353093659615.0,366835492350.0,7097000000.0,873000000.0
Belgium,2007,1.864,1577342.0,374454.0,287977.0,6830.990000000001,10.65,413035800320.0,431743842738.0,7002000000.0,726000000.0
Belgium,2008,1.238,1850406.0,328768.0,285037.0,6853.5599999999995,10.73,466338013887.0,471797820094.0,7641000000.0,624000000.0
Belgium,2009,1.142,1909768.0,452528.0,261801.0,6876.130000000001,10.8,354586368473.0,370879193628.0,5904000000.0,607000000.0
Belgium,2010,0.215,1849584.0,373400.0,281634.0,6898.7,10.88,391255897338.0,407595914298.0,5587000000.0,375000000.0
Belgium,2011,1.268,1687749.0,339658.0,272282.0,6897.5599999999995,10.96,466348604445.0,475957504390.0,4914000000.0,292000000.0
Belgium,2012,1.113,1834624.0,359100.0,262280.0,6896.42,11.03,437882665741.0,446854421188.0,4420000000.0,203000000.0
Belgium,2013,0.449,1803550.0,385614.0,249973.0,6895.280000000001,11.1,488527196756.0,511505015004.0,5270000000.0,146000000.0
Belgium,2014,2.399,1994600.0,399970.0,257670.0,6894.139999999999,11.18,452772540874.0,472201274292.0,3700000000.0,98000000.0
Belgium,2015,1.35,2019347.0,434140.0,267877.0,6893.0,11.25,371025046731.0,397739156690.0,3892000000.0,98000000.0
Belgium,2016,1.861,1400074.0,345559.0,278362.0,6893.0,11.32,379298335402.493,398306080228.12,4079000000.0,84000000.0
Belgium,2017,1.695,1702721.0,381128.0,281536.0,6893.0,11.38,409024843777.361,430092419275.299,4987700000.0,82200000.0
Belgium,2018,2.151,1661860.0,324120.0,277310.0,6893.0,11.45,454713800856.886,468643264452.215,6127000000.0,82500000.0
Belgium,2019,2.038,1902380.0,401060.0,263750.0,6893.0,11.51,,,5733000000.0,71700000.0
Belgium,2020,2.528,1741480.0,329470.0,254510.0,6893.0,11.56,,,4302200000.0,70100000.0
Belgium,2021,1.15,1629180.0,300070.0,247120.0,,11.61,,,6123000000.0,18800000.0
Belgium-Luxembourg,1990,1.48,1339516.0,593511.0,322614.0,7632.0,10.34,,,,
Belgium-Luxembourg,1991,0.25,1438012.0,559982.0,381455.0,7622.799999999999,10.37,,,,
Belgium-Luxembourg,1992,1.004,1410680.0,519676.0,359352.0,7613.6,10.41,,,,
Belgium-Luxembourg,1993,0.349,1511632.0,458627.0,373273.0,7604.400000000001,10.44,,,,
Belgium-Luxembourg,1994,1.591,1553828.0,406126.0,355264.0,7595.2,10.47,,,,
Belgium-Luxembourg,1995,1.488,1531395.0,419910.0,356628.0,7586.0,10.5,153388335104.0,168153612288.0,,
Belgium-Luxembourg,1996,-0.512,1908529.0,454830.0,361512.0,7576.799999999999,10.54,157996204032.0,168343584768.0,,
Belgium-Luxembourg,1997,0.666,1717654.0,441226.0,339600.0,7567.6,10.57,159458607104.0,172699795456.0,,
Belgium-Luxembourg,1998,1.012,1832000.0,374500.0,303400.0,7558.400000000001,10.61,166721634304.0,178615435264.0,,
Belgium-Luxembourg,1999,1.428,1528471.0,387564.0,281200.0,7549.2,10.65,,,,
Bulgaria,1990,0.788,5292233.0,1387396.0,119662.0,33270.0,8.77,,,862000000.0,603000000.0
Bulgaria,1991,-0.162,4497045.0,1501617.0,106485.0,33318.0,8.72,,,1123000000.0,632000000.0
Bulgaria,1992,0.139,3442555.0,1194726.0,131797.0,33366.0,8.67,,,1388000000.0,288000000.0
Bulgaria,1993,-0.329,3618220.0,932530.0,114000.0,33414.0,8.61,,,476000000.0,271000000.0
Bulgaria,1994,1.582,3754310.0,1143200.0,86800.0,33462.0,8.55,,,337000000.0,526000000.0
Bulgaria,1995,0.219,3435250.0,1172650.0,63302.0,33510.0,8.48,,,290000000.0,315000000.0
Bulgaria,1996,-0.358,1802110.0,456669.0,77829.0,33558.0,8.4,5073922048.0,4890187776.0,215000000.0,252000000.0
Bulgaria,1997,-0.333,3574840.0,809841.0,55517.0,33606.0,8.32,4931953664.0,4939664384.0,22000000.0,1137000000.0
Bulgaria,1998,0.779,3203359.0,717105.0,54500.0,33654.0,8.23,4995096064.0,4292926720.0,31000000.0,934000000.0
Bulgaria,1999,0.694,2642973.0,653799.0,61100.0,33702.0,8.16,5409527038.0,3924528950.0,16000000.0,783000000.0
Bulgaria,2000,1.183,2781242.0,674461.0,60400.0,33750.0,8.1,6504688325.0,4821843864.0,21000000.0,539000000.0
Bulgaria,2001,1.629,4077497.0,930918.0,21450.0,34112.0,8.03,7278158957.0,5113888232.0,57000000.0,457000000.0
Bulgaria,2002,0.833,4122765.0,1211435.0,23649.0,34474.0,7.97,7987045940.0,5748869468.0,79000000.0,435000000.0
Bulgaria,2003,0.159,2003937.0,524990.0,28512.0,34836.0,7.92,10886579888.0,7540175591.0,131000000.0,270000000.0
Bulgaria,2004,0.496,3961178.0,1180836.0,30767.0,35198.0,7.87,14467100657.0,9931087433.0,136000000.0,263000000.0
Bulgaria,2005,0.18,3478066.0,657863.0,29783.0,35560.0,7.82,18162452722.0,11739329329.0,93000000.0,252000000.0
Bulgaria,2006,0.538,3301882.0,546292.0,22727.0,35922.0,7.77,23268729351.0,15101457070.0,77000000.0,263000000.0
Bulgaria,2007,1.858,2390610.0,419762.0,21703.0,36284.0,7.72,30085387539.0,18575129425.0,78000000.0,208000000.0
Bulgaria,2008,1.165,4632210.0,878001.0,19929.0,36646.0,7.67,37015366386.0,22485509057.0,56000000.0,161000000.0
Bulgaria,2009,1.273,3976852.0,858679.0,21921.0,37008.0,7.63,23340811547.0,16502519893.0,64000000.0,117000000.0
Bulgaria,2010,1.335,4094597.0,833271.0,19610.0,37370.0,7.59,25359886220.0,20608005156.0,43000000.0,96000000.0
Bulgaria,2011,0.399,4458492.0,707022.0,20886.0,37562.0,7.54,32493611423.0,28165219747.0,29000000.0,85000000.0
Bulgaria,2012,1.659,4455104.0,661932.0,20377.0,37754.0,7.49,32743133695.0,26698780088.0,59000000.0,68000000.0
Bulgaria,2013,1.462,5504941.0,728836.0,19107.0,37946.0,7.43,34316572909.0,29510574320.0,38000000.0,44000000.0
Bulgaria,2014,1.207,5347078.0,852231.0,17210.0,38138.0,7.37,34740042449.0,29386540311.0,72000000.0,35000000.0
Bulgaria,2015,1.458,5011597.0,697863.0,18548.0,38330.0,7.31,29265116176.0,25778745945.0,79000000.0,49000000.0
Bulgaria,2016,1.932,5662721.0,689850.0,17469.0,38410.0,7.25,28958139912.6033,26688182909.3707,73000000.0,39000000.0
Bulgaria,2017,0.987,6132671.0,595237.0,17113.0,38540.0,7.18,34263590069.6647,31588418276.1586,57625000.0,28606000.0
Bulgaria,2018,2.228,5954520.0,448700.0,16950.0,38670.0,7.12,37927842259.0892,33787143989.759,27252000.0,21172000.0
Bulgaria,2019,2.19,6319630.0,563150.0,18060.0,38800.0,7.05,,,34801000.0,20680000.0
Bulgaria,2020,2.182,4847940.0,566320.0,16690.0,38930.0,6.98,,,60339000.0,16457999.999999998
Bulgaria,2021,1.795,7342990.0,704070.0,18180.0,,6.89,,,110264000.0,0.0
Croatia,1992,0.829,658019.0,106811.0,36778.0,18570.0,4.8,4460712960.0,4597484032.0,192000000.0,267000000.0
Croatia,1993,0.402,886921.0,125671.0,33824.0,18605.0,4.79,4666346496.0,3903808256.0,50000000.0,279000000.0
Croatia,1994,1.715,750330.0,107810.0,28346.0,18640.0,4.82,5229113856.0,4260363776.0,119000000.0,295000000.0
Croatia,1995,0.431,876507.0,103281.0,25838.0,18675.0,4.81,7509185024.0,4632655872.0,132000000.0,256000000.0
Croatia,1996,-0.029,741235.0,88091.0,21517.0,18710.0,4.76,7787760128.0,4511729152.0,115000000.0,223000000.0
Croatia,1997,0.313,833508.0,108496.0,26276.0,18745.0,4.71,9122318336.0,4340856320.0,54000000.0,290000000.0
Croatia,1998,1.157,1020450.0,143510.0,25691.0,18780.0,4.66,8383010304.0,4541103616.0,226000000.0,297000000.0
Croatia,1999,0.706,558217.0,124890.0,27614.0,18815.0,4.61,7777378559.0,4279690427.0,43000000.0,314000000.0
Croatia,2000,1.623,865260.0,179652.0,27854.0,18850.0,4.55,7886511618.0,4431597348.0,47000000.0,311000000.0
Croatia,2001,1.596,811674.0,192067.0,25570.0,18885.0,4.51,9147129932.0,4665908208.0,137000000.0,333000000.0
Croatia,2002,1.266,822650.0,206478.0,26602.0,18920.0,4.48,10722045127.0,4903584487.0,331000000.0,356000000.0
Croatia,2003,1.287,506212.0,160203.0,28150.0,18955.0,4.46,14209034610.0,6186630195.0,326000000.0,311000000.0
Croatia,2004,0.68,801424.0,237603.0,31507.0,18990.0,4.44,16589172476.0,8024156751.0,213000000.0,250000000.0
Croatia,2005,0.307,601748.0,162530.0,32800.0,19025.0,4.43,18560366869.0,8772552653.0,85000000.0,209000000.0
Croatia,2006,0.735,804601.0,215262.0,36230.0,19060.0,4.42,21502493972.0,10376964369.0,118000000.0,212000000.0
Croatia,2007,1.995,812347.0,225265.0,33400.0,19095.0,4.41,25829460931.0,12360221564.0,97000000.0,155000000.0
Croatia,2008,1.468,858333.0,279106.0,35700.0,19130.0,4.39,30726986737.0,14123674785.0,74000000.0,134000000.0
Croatia,2009,1.51,936076.0,243609.0,36800.0,19165.0,4.38,21204851207.0,10491835496.0,75000000.0,110000000.0
Croatia,2010,0.878,681017.0,172359.0,37500.0,19200.0,4.37,20067004556.0,11810676241.0,57000000.0,80000000.0
Croatia,2011,1.269,782499.0,193961.0,36200.0,19204.0,4.35,22714694002.0,13364022440.0,13000000.0,80000000.0
Croatia,2012,1.857,999681.0,235778.0,47100.0,19208.0,4.33,20834262292.0,12368983411.0,63000000.0,59000000.0
Croatia,2013,1.282,998940.0,201339.0,47400.0,19212.0,4.31,21931993510.0,12741618485.0,0.0,38000000.0
Croatia,2014,2.044,648917.0,175592.0,44300.0,19216.0,4.28,22906873370.0,13843899840.0,30000000.0,31000000.0
Croatia,2015,1.933,758638.0,193451.0,42000.0,19220.0,4.25,20580470841.0,12843529322.0,56000000.0,32000000.0
Croatia,2016,1.843,969050.0,263165.0,44709.0,19241.202,4.22,21829864971.0,13647534058.0,46000000.0,29000000.0
Croatia,2017,1.562,687595.0,260426.0,42562.0,19316.084000000003,4.19,24512646924.0,15732485216.0,47500000.0,19400000.0
Croatia,2018,2.321,753060.0,230170.0,43780.0,19341.1,4.16,28113089203.0,17210469290.0,57100000.0,16100000.000000002
Croatia,2019,2.117,803270.0,278600.0,45430.0,19366.1,4.13,,,41000000.0,15900000.0
Croatia,2020,2.024,867530.0,325520.0,43370.0,19391.1,4.1,,,5900000.0,12400000.0
Croatia,2021,1.622,986930.0,309770.0,43180.0,,4.06,,,,
Cyprus,1990,0.049,10400.0,98000.0,4100.0,1611.1000000000001,0.79,2563593472.0,949220608.0,460000000.0,37000000.0
Cyprus,1991,0.345,5600.0,59500.0,4600.0,1621.6,0.8,2620282624.0,951804544.0,510000000.0,124000000.0
Cyprus,1992,-0.964,10500.0,171000.0,4550.0,1632.1000000000001,0.81,3300408832.0,1005167296.0,509000000.0,118000000.0
Cyprus,1993,-0.457,11700.0,193000.0,4200.0,1642.6,0.83,2535929856.0,867296128.0,577000000.0,100000000.0
Cyprus,1994,1.015,8000.0,154000.0,4430.0,1653.1,0.84,3014050816.0,961219072.0,546000000.0,110000000.0
Cyprus,1995,0.026,11000.0,134000.0,5030.0,1663.6000000000001,0.86,3693766400.0,1230544256.0,539000000.0,97000000.0
Cyprus,1996,0.221,13000.0,128000.0,4900.0,1674.1,0.88,3981867520.0,1390613376.0,599000000.0,111000000.0
Cyprus,1997,-0.028,11500.0,36000.0,5400.0,1684.6000000000001,0.9,3698056448.0,1250107776.0,476000000.0,70000000.0
Cyprus,1998,0.921,11500.0,54000.0,4000.0,1695.1,0.91,3686276608.0,1061851200.0,515000000.0,68000000.0
Cyprus,1999,1.05,14000.0,112700.0,3950.0,1705.6,0.93,3617947136.0,997005504.0,586000000.0,68000000.0
Cyprus,2000,0.589,10000.0,37600.0,4450.0,1716.1000000000001,0.95,3846316785.0,980554638.0,637000000.0,70000000.0
Cyprus,2001,1.119,10500.0,116500.0,3900.0,1717.33,0.96,3924683234.0,997160970.0,585000000.0,54000000.0
Cyprus,2002,0.811,12900.0,128400.0,3800.0,1718.56,0.98,4083302536.0,837007019.0,690000000.0,55000000.0
Cyprus,2003,0.564,14280.0,150000.0,4003.0,1719.7900000000002,1.0,4466429464.0,923135055.0,821000000.0,62000000.0
Cyprus,2004,0.603,9930.0,100990.0,3804.0,1721.02,1.02,5730420745.0,1171483862.0,925000000.0,68000000.0
Cyprus,2005,0.329,9249.0,60286.0,4182.0,1722.25,1.04,6382106088.0,1546373415.0,1298000000.0,66000000.0
Cyprus,2006,0.615,7518.0,58372.0,4003.0,1723.48,1.06,7045698860.0,1414865802.0,1404000000.0,56000000.0
Cyprus,2007,0.804,10712.0,52007.0,3920.0,1724.71,1.07,8748906634.0,1486412281.0,1403000000.0,67000000.0
Cyprus,2008,1.021,2472.0,3496.0,4248.0,1725.94,1.09,10849019023.0,1713315359.0,1479000000.0,65000000.0
Cyprus,2009,0.973,14690.0,40092.0,4505.0,1727.17,1.11,7933397121.0,1350948810.0,1356000000.0,49000000.0
Cyprus,2010,1.981,18889.0,46062.0,4479.0,1728.4,1.13,8644721987.0,1506457953.0,1317000000.0,47000000.0
Cyprus,2011,0.692,23740.0,45716.0,4827.0,1728.1399999999999,1.15,8788557849.0,1954770383.0,1153000000.0,51000000.0
Cyprus,2012,0.949,22923.0,67028.0,5313.0,1727.88,1.16,7376933504.0,1826017361.0,1072000000.0,29000000.0
Cyprus,2013,1.221,15181.0,36006.0,4562.0,1727.62,1.17,6418215727.0,2134405446.0,830000000.0,23000000.0
Cyprus,2014,1.066,4445.0,2720.0,4573.0,1727.36,1.18,8056396319.12361,3270257585.83559,942000000.0,25000000.0
Cyprus,2015,1.184,35356.0,52175.0,4953.0,1727.1000000000001,1.19,7132831474.76192,3367019568.07698,1053000000.0,25000000.0
Cyprus,2016,1.561,6902.0,2907.0,4953.7,1726.1000000000001,1.2,7867367482.34086,2997208894.16929,1095000000.0,30000000.0
Cyprus,2017,0.844,16592.0,18754.0,5101.1,1725.9,1.21,9308162125.93184,3360377370.32663,980414000.0,33329000.0
Cyprus,2018,2.183,15330.0,7920.0,5280.0,1725.6999999999998,1.22,10812572215.6098,5065369407.27233,1015751000.0,33584000.0
Cyprus,2019,1.589,29470.0,30400.0,5610.0,1725.5,1.23,,,967650000.0,33810000.0
Cyprus,2020,1.746,32270.0,41630.0,4640.0,1725.3,1.24,,,771640000.0,30337000.0
Cyprus,2021,2.082,25580.0,25610.0,5910.0,,1.24,,,,
Czechia,1993,0.286,3304271.0,2418517.0,216241.0,26317.809999999998,10.32,,,586000000.0,1586000000.0
Czechia,1994,1.797,3713476.0,2419297.0,170158.0,26325.68,10.32,,,331000000.0,1206000000.0
Czechia,1995,1.03,3822769.0,2140487.0,169512.0,26333.55,10.31,,,168000000.0,746000000.0
Czechia,1996,-0.617,3727203.0,2262377.0,163515.0,26341.42,10.3,,,185000000.0,740000000.0
Czechia,1997,0.118,3640269.0,2484548.0,155706.0,26349.29,10.28,,,203000000.0,719000000.0
Czechia,1998,1.247,3844741.0,2093101.0,134461.0,26357.16,10.26,,,360000000.0,850000000.0
Czechia,1999,1.1,4028271.0,2137376.0,120690.0,26365.030000000002,10.25,,,295000000.0,662000000.0
Czechia,2000,1.902,4084107.0,1629372.0,108161.0,26372.9,10.23,,,181000000.0,442000000.0
Czechia,2001,1.219,4476080.0,1965611.0,106045.0,26392.989999999998,10.23,,,271000000.0,468000000.0
Czechia,2002,1.523,3866473.0,1792557.0,109494.0,26413.08,10.24,,,212000000.0,404000000.0
Czechia,2003,1.074,2637891.0,2068693.0,108126.0,26433.17,10.25,,,140000000.0,407000000.0
Czechia,2004,0.814,5042523.0,2330582.0,96660.0,26453.260000000002,10.26,,,205000000.0,475000000.0
Czechia,2005,0.742,4145039.0,2195376.0,81031.0,26473.35,10.28,,,100000000.0,415000000.0
Czechia,2006,0.948,3506252.0,1897703.0,79187.0,26493.440000000002,10.3,,,144000000.0,243000000.0
Czechia,2007,2.161,3938924.0,1893408.0,79328.0,26513.53,10.34,,,118000000.0,250000000.0
Czechia,2008,1.635,4631502.0,2243865.0,80020.0,26533.620000000003,10.38,,,69000000.0,182000000.0
Czechia,2009,1.413,4358073.0,2003032.0,77026.0,26553.71,10.42,,,106000000.0,147000000.0
Czechia,2010,0.396,4161553.0,1584456.0,74259.0,26573.800000000003,10.46,,,72000000.0,140000000.0
Czechia,2011,1.029,4913048.0,1813679.0,72125.0,26595.82,10.5,,,29000000.0,81000000.0
Czechia,2012,1.57,3518896.0,1616467.0,66060.0,26617.84,10.51,,,29000000.0,67000000.0
Czechia,2013,0.77,4700696.0,1593760.0,65322.0,26639.86,10.51,,,13000000.0,52000000.0
Czechia,2014,2.494,5442349.0,1967049.0,66151.0,26661.88,10.52,,,13000000.0,38000000.0
Czechia,2015,2.112,5274272.0,1991415.0,69014.0,26683.899999999998,10.52,,,2000000.0,29000000.0
Czechia,2016,2.067,5454663.0,1845254.0,72794.0,26698.5,10.53,,,0.0,39000000.0
Czechia,2017,1.585,4718205.16,1712278.59,67714.0,26716.6,10.53,,,,
Czechia,2018,2.641,4417840.0,1606030.0,72940.0,26734.699999999997,10.53,,,2000000.0,27000000.0
Czechia,2019,2.533,4812160.0,1718060.0,74450.0,26752.800000000003,10.54,,,,
Czechia,2020,2.331,4902410.0,1816180.0,74300.0,26770.9,10.53,,,14000000.0,40000000.0
Czechia,2021,1.29,4960930.0,1749130.0,74520.0,,10.51,,,17000000.0,0.0
Denmark,1990,1.845,3953412.0,4987406.0,201699.0,5314.400000000001,5.14,31575709696.0,34842796032.0,324000000.0,578000000.0
Denmark,1991,0.617,3669852.0,5041193.0,212536.0,5354.56,5.16,32169422848.0,35713056768.0,415000000.0,630000000.0
Denmark,1992,1.451,3583011.0,2973674.0,217000.0,5394.719999999999,5.18,33590321152.0,39553110016.0,547000000.0,603000000.0
Denmark,1993,0.236,4334000.0,3370000.0,203100.0,5434.880000000001,5.19,30535712768.0,37170991104.0,860000000.0,502000000.0
Denmark,1994,0.97,3725194.0,3446065.0,189300.0,5475.04,5.21,35436449792.0,41602367488.0,1251000000.0,505000000.0
Denmark,1995,1.308,4598500.0,3898400.0,181700.0,5515.2,5.24,43141529600.0,48789127168.0,798000000.0,469000000.0
Denmark,1996,-0.749,4757742.0,3953000.0,178000.0,5555.36,5.26,43126353920.0,48884543488.0,940000000.0,447000000.0
Denmark,1997,0.654,4964703.0,3887000.0,174800.0,5595.52,5.28,44492341248.0,48800432128.0,808000000.0,383000000.0
Denmark,1998,0.872,4928375.0,3565308.0,161800.0,5635.68,5.3,45700681728.0,47709990912.0,902000000.0,380000000.0
Denmark,1999,1.337,4470745.0,3674621.0,156588.0,5675.839999999999,5.32,44316614710.0,49027809020.0,655000000.0,322000000.0
Denmark,2000,1.722,4693422.0,3979794.0,153900.0,5716.0,5.34,44533303695.0,49102286748.0,749000000.0,293000000.0
Denmark,2001,1.048,4663938.0,3966181.0,153400.0,5730.89,5.36,44625173798.0,50973842380.0,735000000.0,264000000.0
Denmark,2002,1.658,4056240.0,4120861.0,153500.0,5745.78,5.38,49284928743.0,55673560165.0,662000000.0,294000000.0
Denmark,2003,0.712,4701382.0,3775593.0,146500.0,5760.67,5.4,56227253873.0,64614226301.0,921000000.0,243000000.0
Denmark,2004,1.036,4758500.0,3589100.0,150000.0,5775.56,5.42,66845208976.0,74740558446.0,900000000.0,235000000.0
Denmark,2005,1.284,4887200.0,3797200.0,135921.0,5790.45,5.44,72715727008.0,82278145320.0,1200000000.0,209000000.0
Denmark,2006,1.352,4801600.0,3270300.0,128650.0,5805.34,5.46,84131166534.0,90886573242.0,1108000000.0,277000000.0
Denmark,2007,2.136,4519200.0,3104200.0,129986.0,5820.2300000000005,5.48,97422845558.0,101957401495.0,1491000000.0,206000000.0
Denmark,2008,1.858,5018700.0,3396000.0,128800.0,5835.119999999999,5.5,109008153707.0,116271811024.0,1983000000.0,177000000.0
Denmark,2009,1.324,5940400.0,3393800.0,127900.0,5850.01,5.53,80096730483.0,92090687343.0,1212000000.0,140000000.0
Denmark,2010,-0.195,5059900.0,2981300.0,132500.0,5864.9,5.55,82724280372.0,96216730270.0,2536000000.0,174000000.0
Denmark,2011,0.684,4831000.0,3249800.0,134200.0,5941.280000000001,5.58,96008493220.0,112713338879.0,2040000000.0,134000000.0
Denmark,2012,1.145,4525100.0,4058700.0,126700.0,6017.66,5.6,91325521622.0,106104022220.0,1724000000.0,121000000.0
Denmark,2013,0.401,4145200.0,3949900.0,128000.0,6094.04,5.63,97251542755.0,110469532387.0,2953000000.0,78000000.0
Denmark,2014,2.681,5153300.0,3547600.0,125759.0,6170.42,5.65,99567827973.0,110748921250.0,3316000000.0,74000000.0
Denmark,2015,1.523,5029300.0,3856000.0,120491.0,6246.799999999999,5.68,85327361281.0,94618816682.0,3873000000.0,48000000.0
Denmark,2016,1.856,4201500.0,3949600.0,129340.0,6246.599999999999,5.71,84427760620.1768,94729013059.7222,3412000000.0,45000000.0
Denmark,2017,1.624,4834100.0,3992300.0,124148.0,6256.0,5.74,92117788022.8474,101434430887.351,980498000.0,49460000.0
Denmark,2018,2.115,2623930.0,3445170.0,130200.0,6265.599999999999,5.77,101675698528.429,108564263153.843,1796100000.0,26198000.0
Denmark,2019,2.185,4642090.0,3624560.0,125600.0,6275.0,5.8,97009143924.1228,109866809503.807,2432027000.0,40332000.0
Denmark,2020,2.642,4070410.0,4156500.0,122430.0,6284.400000000001,5.83,,,3253085000.0,51051000.0
Denmark,2021,1.691,4047090.0,3462170.0,123430.0,,5.85,,,1862000000.0,3400000.0
Estonia,1992,1.588,89400.0,300800.0,45362.0,22124.98,1.54,,,733000000.0,302000000.0
Estonia,1993,0.525,105600.0,476700.0,42567.0,22157.97,1.5,,,778000000.0,337000000.0
Estonia,1994,0.348,57091.0,339488.0,31035.0,22190.96,1.48,,,662000000.0,252000000.0
Estonia,1995,1.731,77101.0,279430.0,25776.0,22223.95,1.45,2546270976.0,1840378240.0,439000000.0,235000000.0
Estonia,1996,-0.369,101249.0,317090.0,22114.0,22256.94,1.43,3223890944.0,2077993472.0,478000000.0,243000000.0
Estonia,1997,0.917,111186.0,311712.0,18983.0,22289.93,1.42,4437264896.0,2935698944.0,365000000.0,184000000.0
Estonia,1998,0.521,118011.0,272800.0,19300.0,22322.92,1.41,4786737664.0,3244834048.0,444000000.0,138000000.0
Estonia,1999,1.502,88424.0,186400.0,21739.0,22355.91,1.4,4109452226.0,3017194127.0,296000000.0,102000000.0
Estonia,2000,2.043,146800.0,347482.0,15383.0,22388.899999999998,1.4,5051531691.0,3829703514.0,154000000.0,88000000.0
Estonia,2001,1.82,133003.0,270035.0,14159.0,22486.03,1.39,5207843491.0,3996831790.0,125000000.0,101000000.0
Estonia,2002,1.466,148420.0,249400.0,16508.0,22583.159999999996,1.38,5864475519.0,4341041344.0,129000000.0,74000000.0
Estonia,2003,0.218,144885.0,253607.0,13149.0,22680.29,1.37,7944175480.0,5629181510.0,86000000.0,37000000.0
Estonia,2004,1.159,196634.0,293477.0,15242.0,22777.420000000002,1.36,9064122230.0,6530529159.0,112000000.0,66000000.0
Estonia,2005,1.579,263408.0,366717.0,13431.0,22874.55,1.35,11017581227.0,8247444129.0,88000000.0,46000000.0
Estonia,2006,1.237,219590.0,302699.0,14829.0,22971.68,1.35,14640717076.0,10039366950.0,181000000.0,36000000.0
Estonia,2007,2.24,345726.0,362769.0,15422.0,23068.809999999998,1.34,16665173899.0,11739446694.0,232000000.0,21000000.0
Estonia,2008,2.582,342500.0,349100.0,14277.0,23165.940000000002,1.34,17334620513.0,13703857642.0,232000000.0,20000000.0
Estonia,2009,1.597,342520.0,376945.0,14172.0,23263.07,1.33,11359986312.0,10445840389.0,220000000.0,14000000.0
Estonia,2010,0.52,327600.0,254822.0,12926.0,23360.2,1.33,13196568155.0,12811364478.0,210000000.0,19000000.0
Estonia,2011,1.276,360400.0,295000.0,12187.0,23530.18,1.33,18963366160.0,18139131426.0,169000000.0,15000000.0
Estonia,2012,1.442,484700.0,341300.0,12275.0,23700.16,1.32,20070375616.0,18161223711.0,906000000.0,15000000.0
Estonia,2013,1.157,406800.0,441000.0,11481.0,23870.14,1.32,20186202053.0,18284136368.0,448000000.0,13000000.0
Estonia,2014,2.403,615500.0,458100.0,9800.0,24040.120000000003,1.31,20184649524.0,17465559809.0,602000000.0,15000000.0
Estonia,2015,2.344,812600.0,556600.0,12600.0,24210.100000000002,1.31,15731849158.0,13907609950.0,351000000.0,20000000.0
Estonia,2016,1.895,455543.0,357387.0,14800.0,24212.5,1.32,15682263347.6095,13967429425.7846,371000000.0,18000000.0
Estonia,2017,1.474,713263.0,425683.0,11900.0,24384.0,1.32,17372913325.6158,15387735462.7118,441000000.0,6490000.0
Estonia,2018,2.381,450270.0,347500.0,9760.0,24384.0,1.32,19839355105.7504,17856964736.8682,474000000.0,8189999.999999999
Estonia,2019,2.183,846580.0,523140.0,9250.0,24384.0,1.33,,,437000000.0,22000000.0
Estonia,2020,3.595,840520.0,561120.0,9580.0,24384.0,1.33,,,526000000.0,23440000.0
Estonia,2021,2.133,736270.0,396370.0,9950.0,,1.33,,,582000000.0,0.0
Finland,1990,1.246,626900.0,1720000.0,118160.0,218753.30000000002,4.99,27004112896.0,26649989120.0,1173000000.0,1365000000.0
Finland,1991,1.133,430500.0,1778800.0,121670.0,219323.61000000002,5.01,21788467200.0,23017195520.0,883000000.0,1381000000.0
Finland,1992,1.159,212300.0,1330600.0,117280.0,219893.91999999998,5.04,21176002560.0,23952158720.0,793000000.0,1322000000.0
Finland,1993,0.929,358500.0,1678900.0,106350.0,220464.22999999998,5.07,18032754688.0,23473397760.0,954000000.0,1177000000.0
Finland,1994,0.135,337400.0,1858100.0,107620.0,221034.54,5.09,23357644800.0,29761130496.0,2091000000.0,1193000000.0
Finland,1995,1.693,379500.0,1763500.0,96170.0,221604.85,5.11,29519845376.0,40408522752.0,1515000000.0,1210000000.0
Finland,1996,0.131,459300.0,1859600.0,96550.0,222175.16,5.12,30859608064.0,40561508352.0,1840000000.0,978000000.0
Finland,1997,0.777,464100.0,2003500.0,99610.0,222745.46999999997,5.14,31001018368.0,40980000768.0,1560000000.0,873000000.0
Finland,1998,0.064,396900.0,1316200.0,93760.0,223315.78000000003,5.15,32394584064.0,43210153984.0,953000000.0,972000000.0
Finland,1999,1.153,254100.0,1567700.0,90480.0,223886.09,5.17,31614075338.0,41765477900.0,978000000.0,828000000.0
Finland,2000,2.019,538300.0,1984800.0,91430.0,224456.4,5.18,33886398313.0,45474931211.0,674000000.0,806000000.0
Finland,2001,1.361,488900.0,1786000.0,89770.0,224252.76,5.19,33267927177.0,44300007648.0,654000000.0,833000000.0
Finland,2002,1.166,568600.0,1738700.0,90730.0,224049.12,5.2,33440047097.0,44517737827.0,806000000.0,776000000.0
Finland,2003,0.707,679000.0,1697400.0,95820.0,223845.47999999998,5.21,41593247970.0,52509302880.0,983000000.0,766000000.0
Finland,2004,1.225,782300.0,1724700.0,93290.0,223641.84000000003,5.23,50678021636.0,60918355298.0,654000000.0,791000000.0
Finland,2005,2.195,801300.0,2102900.0,86710.0,223438.2,5.25,58472542339.0,65238316354.0,803000000.0,702000000.0
Finland,2006,1.2,684100.0,1972100.0,87150.0,223234.56,5.27,69427442555.0,77279102962.0,737000000.0,700000000.0
Finland,2007,1.94,796800.0,1984400.0,88570.0,223030.92,5.29,81576271859.0,89798884876.0,786000000.0,595000000.0
Finland,2008,2.125,787500.0,2128600.0,81900.0,222827.28,5.31,92189842878.0,96896070517.0,800000000.0,501000000.0
Finland,2009,1.685,887000.0,2171000.0,82050.0,222623.64,5.34,60830316844.0,62860482542.0,581000000.0,402000000.0
Finland,2010,0.232,724400.0,1340200.0,83040.0,222420.0,5.36,68767143783.0,70116501475.0,723000000.0,464000000.0
Finland,2011,1.345,974800.0,1514300.0,83500.0,222754.0,5.39,83861658166.0,78794218004.0,695000000.0,424000000.0
Finland,2012,1.533,887100.0,1581000.0,81180.0,223088.0,5.41,76089021011.0,72974489144.0,809000000.0,380000000.0
Finland,2013,1.414,869400.0,1904200.0,81190.0,223422.0,5.44,77587001767.0,74445385637.0,793000000.0,342000000.0
Finland,2014,2.584,1088200.0,1854800.0,83069.0,223756.0,5.46,76773254674.0,74338833529.0,1255000000.0,310000000.0
Finland,2015,2.605,992100.0,1569000.0,86490.0,224090.0,5.48,60174387730.0,59682311206.0,1101000000.0,285000000.0
Finland,2016,2.142,823900.0,1580700.0,86720.0,224090.0,5.5,60501949554.0,57325871718.0,1221000000.0,291000000.0
Finland,2017,1.477,802000.0,1460100.0,86080.0,224090.0,5.51,70100319875.0065,67280640848.3786,902000000.0,269000000.0
Finland,2018,2.144,501600.0,1353190.0,87060.0,224090.0,5.52,78352161411.6237,75258290459.809,449000000.0,247000000.0
Finland,2019,1.436,914180.0,1701960.0,87760.0,224090.0,5.52,,,601000000.0,209000000.0
Finland,2020,3.305,686620.0,1397970.0,87110.0,224090.0,5.53,,,457000000.0,197000000.0
Finland,2021,1.923,687160.0,1045500.0,86250.0,,5.54,,,641000000.0,42000000.0
France,1990,1.567,33345808.0,9995700.0,1911747.0,144360.0,56.41,,,398000000.0,4997000000.0
France,1991,0.226,34362204.4,10603446.4,2026068.0,145212.0,56.65,,,1444000000.0,5042000000.0
France,1992,0.631,32490754.5,10434731.6,1876800.0,146064.0,56.86,,,755000000.0,4559000000.0
France,1993,0.302,29200262.6,8909134.9,1703800.0,146916.0,57.05,,,632000000.0,4313000000.0
France,1994,1.526,30493197.1,7566308.5,1626800.0,147768.0,57.23,228281548800.0,233307193344.0,425000000.0,3891000000.0
France,1995,1.296,30869728.6,7590269.8,1683300.0,148620.0,57.42,273387339776.0,284045606912.0,536000000.0,3795000000.0
France,1996,0.158,35935157.3,9403955.3,1737000.0,149472.0,57.62,274913755136.0,283901198336.0,546000000.0,3785000000.0
France,1997,1.21,33862197.6,10004032.1,1720000.0,150324.0,57.84,266575347712.0,283345616896.0,384000000.0,3557000000.0
France,1998,0.915,39801138.2,10430957.2,1632000.0,151176.0,58.08,286035836928.0,300571066368.0,1600000000.0,3451000000.0
France,1999,1.17,36950991.1,9376404.2,1609000.0,152028.0,58.35,286592827392.0,296025161728.0,3069000000.0,3048000000.0
France,2000,1.141,37355956.9,9709332.0,1527600.0,152880.0,58.67,303757850581.0,295345419474.0,4123000000.0,2897000000.0
France,2001,1.355,31545319.3,9797468.3,1561442.0,154011.0,59.01,293865640535.0,289599104778.0,2845000000.0,2890000000.0
France,2002,1.01,38936514.8,10974839.6,1646277.0,155142.0,59.37,303831441914.0,304891879379.0,3292000000.0,2406000000.0
France,2003,1.752,30479361.5,9848186.4,1632047.0,156273.0,59.73,362517303508.0,358131717318.0,2364000000.0,2414000000.0
France,2004,0.924,39690179.5,11033331.4,1577971.0,157404.0,60.11,434241852984.0,413708421587.0,3767000000.0,2224000000.0
France,2005,0.968,36886102.6,10313589.3,1546741.0,158535.0,60.51,475856799498.0,434354245109.0,3860000000.0,1947000000.0
France,2006,1.256,35363563.4,10400575.8,1486675.0,159666.0,60.92,529902263137.0,479012852041.0,5480000000.0,1985000000.0
France,2007,1.349,32763445.9,9473583.8,1502561.1,160797.0,61.33,611364435458.0,539730711536.0,6762000000.0,1664000000.0
France,2008,0.933,39006372.0,12170628.7,1502901.1,161928.0,61.72,695004283255.0,594504995007.0,7408000000.0,1535000000.0
France,2009,1.148,38336864.7,12879003.9,1515808.0,163059.0,62.09,540502282883.0,464112810974.0,8064000000.0,1249000000.0
France,2010,0.326,38207431.0,10101597.1,1530257.8,164190.0,62.44,599171506084.0,511651042741.0,8212000000.0,1026000000.0
France,2011,1.462,35992794.3,8775155.4,1566805.6,165024.0,62.78,713675253798.0,585723823817.0,8546000000.0,1000000000.0
France,2012,1.146,37885741.8,11341188.8,1493864.7,165858.0,63.07,666675230977.0,558460545476.0,6547000000.0,848000000.0
France,2013,0.638,38651472.0,10315284.9,1400331.0,166692.0,63.34,671253553277.0,567987697540.0,5644000000.0,718000000.0
France,2014,1.965,38950202.0,11728556.0,1410854.0,167526.0,63.59,659872076384.0,566656165381.0,5623000000.0,548000000.0
France,2015,1.513,42750027.4,13098233.9,1447906.0,168360.0,63.81,563398247561.0,493941214224.0,3728000000.0,566000000.0
France,2016,1.689,29316331.0,10439229.0,1466098.9,169194.0,63.99,560554862702.0,488885072443.0,4203000000.0,456000000.0
France,2017,1.682,38677896.0,12086796.0,1432779.9,170028.0,64.14,613132639717.873,523385133284.496,3584000000.0,335658000.0
France,2018,1.925,35424140.0,11042820.0,1460000.0,170862.0,64.28,659374522338.024,568535879844.931,3422000000.0,268387000.0
France,2019,1.888,40604960.0,13565420.0,1428460.0,171696.0,64.4,,,2883000000.0,221089000.0
France,2020,2.411,30144110.0,10273570.0,1434590.0,172530.0,64.48,,,2026000000.0,188445000.0
France,2021,1.193,36559450.0,11321320.0,1424320.0,,64.53,,,1523740000.0,29000000.0
Germany,1990,1.565,15241870.0,13992013.0,2111968.0,113000.0,79.37,,,,
Germany,1991,0.279,16611967.0,14493757.0,2180707.0,113054.0,79.8,388915818000.0,402532045000.0,5087000000.0,4926000000.0
Germany,1992,1.22,15541661.0,12196452.0,1789700.0,113108.0,80.21,408307127000.0,430276307000.0,3961000000.0,4609000000.0
Germany,1993,0.304,15766533.0,11005635.0,1570337.0,113162.0,80.57,342558712000.0,380074808000.0,5382000000.0,4294000000.0
Germany,1994,1.618,16480510.0,10902517.0,1420300.0,113216.0,80.88,381538916000.0,427100056000.0,4392000000.0,4117000000.0
Germany,1995,1.301,17763312.0,11891143.0,1407800.0,113270.0,81.12,464145333000.0,523696751000.0,4107000000.0,4522000000.0
Germany,1996,-0.706,18921683.0,12074051.0,1481800.0,113324.0,81.3,458699728664.0,524165984155.0,4184000000.0,3966000000.0
Germany,1997,0.551,19826755.0,13398820.0,1447600.0,113378.0,81.44,445495672832.0,512440270848.0,3748000000.0,3161000000.0
Germany,1998,1.146,20187491.0,12512262.0,1367000.0,113432.0,81.52,471226318848.0,543555256320.0,2840000000.0,3190000000.0
Germany,1999,1.36,19615366.0,13300984.0,1374000.0,113486.0,81.56,473500680192.0,542835572736.0,2443000000.0,2640000000.0
Germany,2000,1.755,21621548.0,12105820.0,1303500.0,113540.0,81.55,500830026000.0,549606741000.0,2903000000.0,4101000000.0
Germany,2001,1.281,22837837.0,13494587.0,1361500.0,113595.0,81.51,486022068000.0,571426720000.0,2328000000.0,4363000000.0
Germany,2002,1.478,20817740.0,10927970.0,1316375.0,113650.0,81.44,490450056000.0,615997391000.0,2925000000.0,4746000000.0
Germany,2003,1.248,19259811.0,10595573.0,1226235.0,113705.0,81.35,601761022000.0,748531267000.0,3249000000.0,3699000000.0
Germany,2004,0.988,25427210.0,12992870.0,1258000.0,113760.0,81.27,718150018000.0,911742096000.0,2762000000.0,3487000000.0
Germany,2005,1.015,23692700.0,11613800.0,1166900.0,113815.0,81.21,779819058000.0,977131972000.0,3060000000.0,3592000000.0
Germany,2006,1.248,22427900.0,11966600.0,1193180.0,113870.0,81.18,922213393000.0,1121962887000.0,3321000000.0,3609000000.0
Germany,2007,2.08,20828077.0,10384218.0,1185724.0,113925.0,81.18,1059307813000.0,1328841354000.0,2607000000.0,3534000000.0
Germany,2008,1.532,25988564.0,11967114.0,1199431.0,113980.0,81.22,1192581758828.27,1457462950353.87,3063000000.0,3567000000.0
Germany,2009,1.27,25192350.0,12288100.0,1189615.0,114035.0,81.26,928891172150.158,1125844047764.62,3042000000.0,3429000000.0
Germany,2010,0.182,23782955.0,10326918.0,1205002.0,114090.0,81.33,1060672352047.81,1267743108880.74,2679000000.0,3188000000.0
Germany,2011,1.108,22782700.0,8733800.0,1170376.0,114110.0,81.42,1261588484277.22,1483802558038.43,2791000000.0,3098000000.0
Germany,2012,1.338,22409300.0,10391300.0,1146255.0,114130.0,81.55,1161247823737.51,1410146320662.18,2388000000.0,3118000000.0
Germany,2013,0.571,25019100.0,10343600.0,1116507.0,114150.0,81.68,1187301533128.98,1450937515315.42,2500000000.0,2590000000.0
Germany,2014,2.506,27784700.0,11562800.0,1142603.0,114170.0,81.86,1214915241976.31,1498238432429.61,2485000000.0,2572000000.0
Germany,2015,1.658,26549500.0,11629900.0,1132340.0,114190.0,82.07,1057535853584.25,1328500248528.88,1923000000.0,2785000000.0
Germany,2016,1.971,24463800.0,10730500.0,1155483.0,114190.0,82.33,1060882070132.76,1337236557704.33,2531000000.0,1571000000.0
Germany,2017,1.636,24481600.0,10853400.0,1137008.0,114190.0,82.62,1167753355161.98,1446642435221.61,2276000000.0,1524000000.0
Germany,2018,2.377,20263500.0,9583600.0,1109000.0,114190.0,82.9,1292726052270.05,1562418816337.22,2144000000.0,1474000000.0
Germany,2019,2.314,23062600.0,11591500.0,1107000.0,114190.0,83.15,,,1628000000.0,1306000000.0
Germany,2020,2.499,22172100.0,10769200.0,1092000.0,114190.0,83.33,,,1368000000.0,1288000000.0
Germany,2021,1.304,21459200.0,10411100.0,1080420.0,,83.41,,,1290812000.0,0.0
Greece,1990,0.34,1939000.0,312000.0,79431.0,32985.51,10.3,19777003520.0,8059650048.0,2233000000.0,1451000000.0
Greece,1991,-0.218,3162000.0,472000.0,79188.0,33287.189,10.39,,,1806000000.0,1417000000.0
Greece,1992,-0.548,2288000.0,430000.0,75825.0,33588.867,10.48,23451555840.0,9838260224.0,2040000000.0,1429000000.0
Greece,1993,-0.341,2078846.36,413435.07,72596.37,33890.546,10.56,22004453376.0,8783706112.0,1955000000.0,1166000000.0
Greece,1994,1.052,2470189.76,416129.68,70778.1,34192.224,10.65,21491556863.0,9398983808.0,1342000000.0,1137000000.0
Greece,1995,-0.045,2314836.2,411539.06,72186.54,34493.903,10.73,25926758400.0,10954619904.0,733000000.0,1188000000.0
Greece,1996,-0.169,2086212.94,357330.13,70930.87,34795.582,10.8,28418924544.0,11879593984.0,151000000.0,1340000000.0
Greece,1997,-0.204,2081481.54,349060.82,72379.34,35097.26,10.88,26970617856.0,11166989312.0,435000000.0,1413000000.0
Greece,1998,0.622,2062774.66,330645.68,73069.96,35398.939,10.94,30266642432.0,10867735552.0,411000000.0,1494000000.0
Greece,1999,0.788,1976552.17,287286.62,71902.06,35700.617,10.99,30434422777.0,11035073886.0,298000000.0,1388000000.0
Greece,2000,0.667,2287322.23,288349.47,70062.36,36002.296,11.04,29486860105.0,10847422723.0,174000000.0,1146000000.0
Greece,2001,1.298,2196642.94,276062.87,74873.76,36303.869,11.07,28434455939.0,10402391191.0,169000000.0,1199000000.0
Greece,2002,0.415,2038581.72,281958.23,73072.09,36605.443,11.1,31299036006.0,10327361391.0,36000000.0,1165000000.0
Greece,2003,0.377,1701946.52,225516.73,74348.75,36907.015999999996,11.11,44854519863.0,13655065868.0,184000000.0,1120000000.0
Greece,2004,0.327,2092097.0,233882.0,77030.0,37208.59,11.12,52810385204.0,15246705800.0,171000000.0,1220000000.0
Greece,2005,0.209,2018523.55,227464.06,72429.0,37510.163,11.11,54893897323.0,17434446631.0,264000000.0,1040000000.0
Greece,2006,0.247,1778170.0,245471.0,72874.0,37811.736000000004,11.11,63738963855.0,20942761761.0,389000000.0,1210000000.0
Greece,2007,1.068,1629072.0,274373.0,75772.69,38113.31,11.09,76099246073.0,23504156356.0,677000000.0,1181000000.0
Greece,2008,0.872,2074607.57,353496.55,72371.57,38414.883,11.07,94347055932.0,31127436552.0,2304000000.0,997000000.0
Greece,2009,0.758,2139472.15,341083.83,73937.0,38716.457,11.06,71538438052.0,24236625001.0,1845000000.0,1092000000.0
Greece,2010,1.551,1920669.75,311066.98,71955.76,39018.03,11.03,66452642920.0,27585695544.0,1558000000.0,840000000.0
Greece,2011,0.365,1857428.8,319002.76,69816.95,39018.03,11.0,66692056018.0,33377038760.0,1852000000.0,607000000.0
Greece,2012,1.21,1835900.96,336461.28,69462.99,39018.03,10.96,62504427046.0,35151146150.0,2196000000.0,563000000.0
Greece,2013,1.3,1831869.31,381071.18,68746.09,39018.03,10.91,61148119836.0,36261644044.0,1222000000.0,455000000.0
Greece,2014,1.028,1570415.56,420880.13,49216.24,39018.03,10.86,62180636372.0,35755371471.0,1222000000.0,479000000.0
Greece,2015,0.889,1458705.46,512628.25,39199.0,39018.03,10.81,47263979668.0,28289236579.0,1657000000.0,524000000.0
Greece,2016,1.584,1560776.99,381650.0,39171.6,39018.0,10.75,47595035419.0,27810924841.0,1617000000.0,525000000.0
Greece,2017,0.65,1356772.0,376543.0,41766.0,39018.0,10.69,55300597553.1298,32154816405.6379,1744630000.0,529447000.0
Greece,2018,1.903,1072940.0,344610.0,39640.0,39018.0,10.63,65141447585.1905,39490521437.8539,1724983000.0,535136999.99999994
Greece,2019,1.406,979220.0,366580.0,33470.0,39018.0,10.57,62100390058.0159,37805463512.9381,2331013000.0,539325000.0
Greece,2020,1.366,1095150.0,398680.0,34740.0,39018.0,10.51,,,1578137000.0,463131000.0
Greece,2021,1.722,1058360.0,331970.0,33050.0,,10.45,,,1797124000.0,0.0
Hungary,1990,1.088,6198256.0,1368632.0,113800.0,18139.0,10.38,,,187000000.0,780000000.0
Hungary,1991,-0.041,6007888.0,1555261.0,122800.0,18246.27,10.37,,,226000000.0,683000000.0
Hungary,1992,0.921,3453112.0,1723036.0,123200.0,18353.54,10.37,10873580544.0,10054975488.0,340000000.0,620000000.0
Hungary,1993,0.085,3020655.0,1138101.0,97100.0,18460.809999999998,10.36,11376082944.0,8240058880.0,655000000.0,441000000.0
Hungary,1994,1.766,4873751.0,1558295.0,72100.0,18568.08,10.34,14553612000.0,10699843000.0,739000000.0,475000000.0
Hungary,1995,0.645,4614200.0,1407640.0,57500.0,18675.350000000002,10.33,15185560576.0,12452023296.0,681000000.0,494000000.0
Hungary,1996,-0.325,3911820.0,921447.0,50200.0,18782.62,10.31,16042644480.0,12632794112.0,939000000.0,526000000.0
Hungary,1997,-0.13,5258817.0,1330233.0,55270.0,18889.89,10.29,21234012160.0,19099193344.0,983000000.0,341000000.0
Hungary,1998,1.099,4898634.0,1304634.0,47020.0,18997.16,10.26,25706391552.0,23005022208.0,923000000.0,337000000.0
Hungary,1999,0.62,2638970.0,1041991.0,50970.0,19104.43,10.23,28008226000.0,25012186000.0,618000000.0,369000000.0
Hungary,2000,1.753,3692470.0,900510.0,66940.0,19211.7,10.2,32080002000.0,28092242000.0,247000000.0,290000000.0
Hungary,2001,1.41,5196760.0,1299140.0,51600.0,19336.92,10.18,33681734000.0,30497719000.0,158000000.0,236000000.0
Hungary,2002,1.442,3910244.0,1045872.0,47620.0,19462.14,10.15,37611572000.0,34336583000.0,503000000.0,167000000.0
Hungary,2003,0.732,2941248.0,810185.0,39173.0,19587.36,10.12,47674542000.0,43003656000.0,404000000.0,177000000.0
Hungary,2004,0.572,6006820.0,1413360.0,37513.0,19712.58,10.09,60248602000.0,55468212000.0,205000000.0,167000000.0
Hungary,2005,0.258,5088219.0,1190447.0,32241.0,19837.8,10.07,65919579000.0,62271839000.0,123000000.0,84000000.0
Hungary,2006,0.722,4376235.0,1075150.0,33303.0,19963.02,10.06,76978511000.0,74055406000.0,94000000.0,62000000.0
Hungary,2007,2.165,3986708.0,1017827.0,34258.0,20088.24,10.04,94659727000.0,94590870000.0,27000000.0,46000000.0
Hungary,2008,1.52,5630833.0,1467055.0,32121.0,20213.46,10.02,108784724000.0,108211166000.0,12000000.0,21000000.0
Hungary,2009,1.637,4419163.0,1063881.0,30149.0,20338.68,10.01,77272443000.0,82571847000.0,32000000.0,15000000.0
Hungary,2010,0.83,3745190.0,943817.0,27598.0,20463.9,9.99,87432095000.0,94748737000.0,17000000.0,9000000.0
Hungary,2011,0.915,4107000.0,988000.0,26432.0,20492.76,9.95,101369997000.0,111216834000.0,13000000.0,9000000.0
Hungary,2012,1.751,4010990.0,996110.0,25394.0,20521.62,9.92,94300664567.0,102829804313.0,10000000.0,12000000.0
Hungary,2013,1.18,5058300.0,1062000.0,23457.0,20550.479999999996,9.89,99295902335.0,108014637456.0,18000000.0,13000000.0
Hungary,2014,2.232,5261890.0,1274710.0,24080.0,20579.340000000004,9.87,104178438000.0,112536243771.0,20000000.0,13000000.0
Hungary,2015,2.092,5331426.0,1408563.0,27315.0,20608.2,9.84,90760850877.0,100296847323.0,22000000.0,9000000.0
Hungary,2016,1.923,5603184.0,1594233.0,28939.0,20587.3,9.82,92209667137.0,103009508296.0,9000000.0,8000000.0
Hungary,2017,1.373,5246258.0,1416376.0,28162.0,20572.7,9.79,104283798638.0,113382077421.0,20000000.0,8000000.0
Hungary,2018,2.565,5258430.0,1145540.0,30180.0,20559.2,9.78,117381592676.0,123957885048.0,24000000.0,5000000.0
Hungary,2019,2.393,5377710.0,1383260.0,30820.0,20544.699999999997,9.77,,,11000000.0,3000000.0
Hungary,2020,2.034,5121480.0,1483950.0,29150.0,20530.100000000002,9.75,,,9000000.0,5000000.0
Hungary,2021,1.482,5290140.0,1711630.0,30080.0,,9.71,,,4000000.0,0.0
Ireland,1990,0.803,598000.0,1223000.0,515000.0,4616.4,3.49,,,1127000000.0,599000000.0
Ireland,1991,0.179,674000.0,1148000.0,557100.0,4785.12,3.5,,,1223000000.0,557000000.0
Ireland,1992,0.429,714000.0,1168000.0,568200.0,4953.84,3.53,22482694144.0,28334530560.0,906000000.0,625000000.0
Ireland,1993,0.047,539000.0,958000.0,528500.0,5122.5599999999995,3.55,21662992384.0,28856508416.0,1267000000.0,618000000.0
Ireland,1994,0.265,572000.0,910000.0,447800.0,5291.280000000001,3.56,25763815424.0,34395123712.0,1234000000.0,745000000.0
Ireland,1995,1.179,583000.0,1084000.0,481100.0,5460.0,3.58,32321019904.0,43789340672.0,1378000000.0,681000000.0
Ireland,1996,-0.024,771000.0,1225000.0,538400.0,5628.719999999999,3.61,35764649984.0,45565353984.0,1332000000.0,628000000.0
Ireland,1997,0.96,725000.0,1087000.0,569500.0,5797.4400000000005,3.64,39232667648.0,53619650560.0,1584000000.0,665000000.0
Ireland,1998,0.92,673000.0,1073000.0,594800.0,5966.16,3.68,44378009600.0,64246931456.0,1705000000.0,642000000.0
Ireland,1999,1.054,597000.0,1278000.0,643800.0,6134.880000000001,3.72,47207837696.0,71226728448.0,2207000000.0,683000000.0
Ireland,2000,0.548,737400.0,1309900.0,576900.0,6303.6,3.77,50648770771.0,76261884998.0,1582000000.0,724000000.0
Ireland,2001,0.529,769200.0,1277200.0,579400.0,6393.62,3.83,51375643592.0,82972822110.0,1831000000.0,614000000.0
Ireland,2002,0.809,867200.0,962800.0,540000.0,6483.64,3.89,52214415070.0,88478828639.0,1497000000.0,558000000.0
Ireland,2003,1.006,794100.0,1197700.0,568000.0,6573.66,3.96,53781899296.0,93038463772.0,1177000000.0,518000000.0
Ireland,2004,0.878,1019200.0,1326600.0,563600.0,6663.68,4.03,62344521999.0,104308434697.0,1318000000.0,520000000.0
Ireland,2005,1.162,802700.0,1024400.0,546000.0,6753.7,4.12,70283642092.0,110003088450.0,1145000000.0,516000000.0
Ireland,2006,1.157,801000.0,1136900.0,537300.0,6843.719999999999,4.23,76620719427.0,108762824436.0,1090000000.0,544000000.0
Ireland,2007,1.355,713400.0,1124500.0,580800.0,6933.74,4.36,87045335180.0,122232810734.0,601000000.0,399000000.0
Ireland,2008,0.858,992800.0,1294100.0,537300.0,7023.76,4.45,84953475320.0,127111345348.0,599000000.0,368000000.0
Ireland,2009,0.824,690100.0,1227300.0,514500.0,7113.780000000001,4.5,62566426399.0,116894674172.0,436000000.0,260000000.0
Ireland,2010,-0.086,669200.0,1223100.0,559100.0,7203.8,4.52,64600595239.0251,120645180498.193,303000000.0,343000000.0
Ireland,2011,0.576,929200.0,1412000.0,547100.0,7272.380000000001,4.54,73781587355.8603,129657903251.673,236000000.0,198000000.0
Ireland,2012,0.715,707900.0,1260700.0,495400.0,7340.96,4.56,72218451770.6768,120208957761.425,202000000.0,135000000.0
Ireland,2013,0.584,545300.0,1662800.0,517600.0,7409.539999999999,4.59,74089274561.9673,118447211689.364,187000000.0,164000000.0
Ireland,2014,1.424,717000.0,1731200.0,582100.0,7478.12,4.62,82595130511.0413,123071289030.773,103000000.0,94000000.0
Ireland,2015,0.51,696600.0,1739200.0,564100.0,7546.7,4.67,77795266456.1938,124730515438.143,121000000.0,43000000.0
Ireland,2016,1.098,647700.0,1479900.0,588400.0,7623.5,4.72,82028942307.2815,132009760447.082,60000000.0,30000000.0
Ireland,2017,1.318,681679.0,1505811.0,617000.0,7700.2,4.77,88828357456.9533,138072213252.209,60914000.0,31997000.0
Ireland,2018,0.834,485480.0,1181560.0,622540.0,7740.2,4.83,106931073268.228,167017887791.416,76871000.0,31516000.0
Ireland,2019,1.248,595360.0,1479600.0,619800.0,7780.2,4.9,,,113658000.0,30151000.0
Ireland,2020,1.117,364920.0,1347460.0,633380.0,7820.2,4.95,,,172335000.0,29897000.0
Ireland,2021,1.057,628080.0,1506410.0,594510.0,,4.99,,,373614000.0,0.0
Italy,1990,1.112,8108500.0,1702500.0,1164855.0,75897.5,56.76,,,11821000000.0,5407000000.0
Italy,1991,0.002,9415660.0,1792900.0,1181141.0,76677.0,56.79,,,10945000000.0,4557000000.0
Italy,1992,0.512,8938421.0,1742087.0,1217170.0,77456.5,56.83,,,14414000000.0,4255000000.0
Italy,1993,0.498,8169800.0,1634200.0,1187265.0,78236.0,56.87,,,14284000000.0,3564000000.0
Italy,1994,1.495,8251400.0,1467378.0,1170832.0,79015.5,56.88,167975026688.0,190004543488.0,14906000000.0,3732000000.0
Italy,1995,0.395,7946080.0,1421600.0,1180461.0,79795.0,56.89,200319909888.0,230441484288.0,16696000000.0,3530000000.0
Italy,1996,0.211,7987241.0,1350494.0,1180537.0,80574.5,56.9,208116039680.0,252098576384.0,17797000000.0,3604000000.0
Italy,1997,0.907,6758351.0,1179575.0,1159360.0,81354.0,56.93,208317104128.0,238265778176.0,15021000000.0,3699000000.0
Italy,1998,0.939,8338301.0,1378940.0,1111280.0,82133.5,56.94,215590076416.0,242102206464.0,14349000000.0,3824000000.0
Italy,1999,0.889,7742800.0,1313300.0,1164433.0,82913.0,56.95,220056096159.0,234962950629.0,11911000000.0,4789000000.0
Italy,2000,1.217,7463968.0,1261600.0,1151935.0,83692.5,56.97,238068541484.0,239931704039.0,11744000000.0,4410000000.0
Italy,2001,1.503,6413300.0,1125700.0,1133037.0,84351.29000000001,56.99,236126622376.0,244252016495.0,7690000000.0,4014000000.0
Italy,2002,0.884,7547763.0,1190326.0,1133800.0,85010.08,57.11,246609477011.0,254215603982.0,10774000000.0,4322000000.0
Italy,2003,1.497,6229453.0,1020800.0,1126869.0,85668.87000000001,57.43,297402799020.0,299465735949.0,9873000000.0,4545000000.0
Italy,2004,0.718,8638721.0,1156620.0,1145103.0,86327.66,57.86,355266852816.0,353543123270.0,5625000000.0,3365000000.0
Italy,2005,0.528,7717129.0,1214054.0,1101972.0,86986.45000000001,58.2,384835560619.0,372957145924.0,3625000000.0,3248000000.0
Italy,2006,0.808,7181720.0,1282043.0,1109214.0,87645.23999999999,58.43,442565102846.0,417152997021.0,4029000000.0,3221000000.0
Italy,2007,1.519,7170181.0,1225282.0,1118531.0,88304.03,58.78,511822513748.0,500203413157.0,2322000000.0,3157000000.0
Italy,2008,1.089,8855440.0,1236697.0,1056912.0,88962.81999999999,59.22,560960371006.0,541786282701.0,2434000000.0,3394000000.0
Italy,2009,1.182,6534746.0,1049200.0,1049261.0,89621.61,59.56,414783638344.0,406479126912.0,1921000000.0,2595000000.0
Italy,2010,0.696,6849858.0,990700.0,1068900.0,90280.40000000001,59.82,486984371949.0,446839829715.0,968000000.0,1515000000.0
Italy,2011,1.2,6641806.5,949480.0,1000374.4,90818.48,60.03,558831981537.0,523256296222.0,850000000.0,1414000000.0
Italy,2012,1.486,7654248.3,940234.3,957787.0,91356.56000000001,60.19,489104116138.0,501528850943.0,600000000.0,1266000000.0
Italy,2013,0.946,7312024.7,875552.0,842122.0,91894.64,60.31,479336353444.0,518095102500.0,538000000.0,1234000000.0
Italy,2014,1.573,7141926.4,846141.6,694634.2,92432.72,60.32,474082558910.0,529528733451.0,329000000.0,1253000000.0
Italy,2015,1.647,7394494.7,955130.7,771766.9,92970.8,60.23,410933397835.203,456988625514.476,339000000.0,1524000000.0
Italy,2016,1.649,8037872.1,988284.9,791284.3,93508.9,60.12,406670669866.631,461667625429.242,827000000.0,1803000000.0
Italy,2017,1.559,6966465.0,984281.0,739830.0,94047.0,60.0,453583034460.286,507430236336.365,846518000.0,1346130000.0
Italy,2018,1.792,7104650.0,1040990.0,809220.0,94585.1,59.88,503581133885.029,549906995682.879,1692460000.0,1239409000.0
Italy,2019,1.639,6739470.0,1104990.0,779820.0,95123.2,59.73,,,1007873000.0,959320000.0
Italy,2020,1.825,6716180.0,1123730.0,732280.0,95661.29999999999,59.5,,,1239097000.0,857868000.0
Italy,2021,1.478,7294570.0,1091970.0,747890.0,,59.24,,,1219133000.0,0.0
Latvia,1992,1.567,332400.0,433500.0,119600.0,31866.0,2.66,,,1097000000.0,163000000.0
Latvia,1993,0.375,338300.0,455500.0,107000.0,31934.0,2.64,,,1320000000.0,250000000.0
Latvia,1994,0.668,199400.0,481100.0,68100.0,32002.0,2.61,1241478784.0,989689664.0,1389000000.0,302000000.0
Latvia,1995,1.603,243700.0,284000.0,48000.0,32070.0,2.57,1818007680.0,1305006592.0,1044000000.0,244000000.0
Latvia,1996,-0.434,357500.0,371500.0,26500.0,32138.0,2.53,2319496960.0,1443301376.0,1218000000.0,210000000.0
Latvia,1997,0.746,394600.0,359800.0,25504.0,32206.0,2.5,2720941056.0,1671602048.0,898000000.0,233000000.0
Latvia,1998,0.637,385300.0,321700.0,25837.0,32274.0,2.46,3191363072.0,1811128064.0,785000000.0,196000000.0
Latvia,1999,1.538,351900.0,232600.0,22520.0,32342.0,2.43,2946780984.0,1723793807.0,384000000.0,166000000.0
Latvia,2000,1.997,427400.0,261100.0,22342.0,32410.0,2.39,3190830191.0,1869272919.0,148000000.0,89000000.0
Latvia,2001,1.806,451700.0,231100.0,19044.0,32541.120000000003,2.36,3504416986.0,2000733101.0,288000000.0,53000000.0
Latvia,2002,1.705,519500.0,262400.0,16043.0,32672.24,2.33,4053715628.0,2284417388.0,219000000.0,40000000.0
Latvia,2003,0.227,468400.0,246600.0,21193.0,32803.36,2.29,5244011345.0,2893681287.0,224000000.0,29000000.0
Latvia,2004,0.996,499900.0,283500.0,21587.0,32934.479999999996,2.26,7311043724.0,4378646882.0,208000000.0,21000000.0
Latvia,2005,1.329,676500.0,365800.0,20444.0,33065.6,2.23,8770450014.0,5302744686.0,244000000.0,25000000.0
Latvia,2006,1.058,598300.0,307000.0,20684.0,33196.72,2.2,11427301264.0,5891472502.0,161000000.0,22000000.0
Latvia,2007,2.175,807300.0,350500.0,22755.0,33327.840000000004,2.18,15185449484.0,7893151481.0,122000000.0,12000000.0
Latvia,2008,2.375,989600.0,307100.0,21445.0,33458.96,2.15,15775195747.0,9280774291.0,167000000.0,11000000.0
Latvia,2009,1.499,1036400.0,265400.0,20452.0,33590.08,2.13,9336920239.0,7171469774.0,244000000.0,9000000.0
Latvia,2010,0.665,989400.0,228400.0,18414.0,33721.2,2.1,11143287701.0,8850801231.0,216000000.0,9000000.0
Latvia,2011,1.118,939500.0,236700.0,18015.0,33759.84,2.08,15430778744.0,11988196196.0,159000000.0,4000000.0
Latvia,2012,1.369,1539800.0,248600.0,17312.0,33798.479999999996,2.05,16082387658.0,12685521524.0,169000000.0,5000000.0
Latvia,2013,1.046,1435000.0,232600.0,16688.0,33837.12,2.03,16778948555.0,13324704654.0,169000000.0,2000000.0
Latvia,2014,2.284,1467500.0,418800.0,17659.0,33875.76,2.01,17127924107.8149,13782781935.3959,168000000.0,1000000.0
Latvia,2015,2.126,2250100.0,385100.0,18769.0,33914.4,1.99,14095807354.8404,11649939894.5665,135000000.0,0.0
Latvia,2016,1.905,2062300.0,283200.0,19468.0,33953.1,1.97,13736506776.631,11607295065.3192,157000000.0,0.0
Latvia,2017,1.469,2138800.0,240900.0,18450.0,33991.799999999996,1.95,16053149440.461,13189947231.0408,126698000.0,416000.0
Latvia,2018,2.324,1431600.0,306300.0,17480.0,34030.5,1.94,18613315167.8859,15032702015.782,3813000.0,2576000.0
Latvia,2019,2.428,2371000.0,305400.0,16370.0,34069.2,1.92,,,43804000.0,1635000.0
Latvia,2020,3.513,2659600.0,308800.0,16030.0,34107.9,1.9,,,4308000.0,733000.0
Latvia,2021,1.938,2407700.0,215800.0,17040.0,,1.87,,,13337000.0,336000.0
Lithuania,1992,1.482,833800.0,955100.0,226113.0,19600.0,3.8,,,721000000.0,481000000.0
Lithuania,1993,0.295,890600.0,1207900.0,161784.0,19675.0,3.79,,,1347000000.0,426000000.0
Lithuania,1994,0.943,549400.0,1090500.0,116140.0,19750.0,3.77,2588999986.0,2029000000.0,1375000000.0,430000000.0
Lithuania,1995,1.511,637300.0,891500.0,86863.0,19825.0,3.75,3648539392.0,2705662208.0,1193000000.0,327000000.0
Lithuania,1996,-0.522,936200.0,1176600.0,83008.0,19900.0,3.72,4558530048.0,3356355072.0,962000000.0,284000000.0
Lithuania,1997,0.519,1127400.0,1193500.0,89665.0,19975.0,3.69,5643365888.0,3862455552.0,421000000.0,277000000.0
Lithuania,1998,0.738,1031000.0,1104300.0,81419.0,20050.0,3.67,5793748992.0,3710731520.0,637000000.0,255000000.0
Lithuania,1999,1.484,870900.0,741600.0,77253.0,20125.0,3.63,4834490072.0,3003828561.0,328000000.0,205000000.0
Lithuania,2000,2.019,1237600.0,859600.0,75411.0,20200.0,3.6,5456480316.0,3809411167.0,138000000.0,152000000.0
Lithuania,2001,1.798,1076300.0,776200.0,47331.0,20350.0,3.56,6353270743.0,4583049510.0,97000000.0,134000000.0
Lithuania,2002,1.908,1217600.0,871100.0,44732.0,20500.0,3.52,7709309670.0,5475632489.0,118000000.0,85000000.0
Lithuania,2003,0.173,1204100.0,899800.0,43230.0,20650.0,3.47,9803635901.0,7162432963.0,124000000.0,45000000.0
Lithuania,2004,0.869,1430200.0,859800.0,47600.0,20800.0,3.42,12379200835.0,9302608608.0,159000000.0,53000000.0
Lithuania,2005,1.195,1379400.0,948300.0,52891.0,20950.0,3.37,15704432297.0,12070443660.0,158000000.0,50000000.0
Lithuania,2006,0.91,809800.0,743800.0,47323.0,21100.0,3.32,19388425405.0,14135189839.0,152000000.0,37000000.0
Lithuania,2007,2.182,1390700.0,1013700.0,55977.0,21250.0,3.27,24445067457.0,17162395776.0,137000000.0,18000000.0
Lithuania,2008,2.21,1722500.0,970400.0,47539.0,21400.0,3.22,31294662543.0,23769895309.0,126000000.0,17000000.0
Lithuania,2009,1.385,2100200.0,858200.0,45114.0,21550.0,3.18,18340632911.0,16496339326.0,188000000.0,11000000.0
Lithuania,2010,0.723,1710400.0,550000.0,43717.0,21700.0,3.14,23378047393.0,20813922632.0,268000000.0,12000000.0
Lithuania,2011,0.914,1869300.0,759800.0,41980.0,21734.0,3.1,31801287866.0,28068648237.0,159000000.0,12000000.0
Lithuania,2012,1.323,2998900.0,741900.0,40902.0,21768.0,3.06,32237640017.0,29652662128.0,155000000.0,12000000.0
Lithuania,2013,0.926,2871300.0,685700.0,37709.0,21802.0,3.03,34813224764.0,32599742784.0,98000000.0,10000000.0
Lithuania,2014,2.196,3230600.0,1018500.0,40240.0,21836.0,2.99,35217366877.0,32394296287.0,12000000.0,11000000.0
Lithuania,2015,2.063,4380330.0,811500.0,45102.0,21870.0,2.96,28176441602.0,25411022244.0,49000000.0,10000000.0
Lithuania,2016,1.913,3844491.0,545191.0,43319.0,21900.0,2.93,27391399189.67,25022652473.8,107000000.0,9000000.0
Lithuania,2017,1.511,3917372.0,519732.0,41917.0,21960.0,2.9,30978718199.5,29349549370.81,113000000.0,11100000.0
Lithuania,2018,2.395,2838900.0,619540.0,41670.0,21980.0,2.88,36501414404.61,33334576736.83,128800000.00000001,5400000.0
Lithuania,2019,2.601,3843850.0,588450.0,44180.0,22000.0,2.85,,,123400000.0,7200000.0
Lithuania,2020,3.394,4818750.0,705910.0,43410.0,22010.0,2.82,,,110800000.0,7500000.0
Lithuania,2021,1.737,4248850.0,500410.0,45540.0,,2.79,,,88300000.0,0.0
Luxembourg,2000,1.636,61184.0,53533.0,8167.0,867.0,0.44,10592383579.0,7876174863.0,6000000.0,6000000.0
Luxembourg,2001,1.412,54022.0,53566.0,11246.0,869.0,0.44,11187657219.0,8259975150.0,7000000.0,7000000.0
Luxembourg,2002,1.369,71656.0,51823.0,10738.0,871.0,0.45,11528844484.0,8592956315.0,6000000.0,6000000.0
Luxembourg,2003,1.67,68648.0,55330.0,10927.0,873.0,0.45,13646402935.0,9987082177.0,5000000.0,5000000.0
Luxembourg,2004,0.994,79978.0,52761.0,10700.0,875.0,0.46,16771715410.0,12167836185.0,3000000.0,3000000.0
Luxembourg,2005,1.112,71745.0,52853.0,9934.0,877.0,0.46,17585502503.0,12714922011.0,2000000.0,2000000.0
Luxembourg,2006,1.338,75603.0,50061.0,9333.0,879.0,0.47,19640455309.0,14183095734.0,2000000.0,2000000.0
Luxembourg,2007,1.923,70469.0,44640.0,9210.49,881.0,0.48,22288700591.0,16197286679.0,1000000.0,1000000.0
Luxembourg,2008,1.262,97760.0,52816.0,9171.13,883.0,0.49,25498095369.0,17380796716.0,1000000.0,1000000.0
Luxembourg,2009,1.168,90903.0,54398.0,9096.0,885.0,0.5,18770617979.0,12542132517.0,1000000.0,1000000.0
Luxembourg,2010,0.303,83474.0,43003.0,9390.0,887.0,0.51,20399987741.0,13911259203.0,2000000.0,2000000.0
Luxembourg,2011,1.321,76839.0,38452.0,9066.0,887.0,0.52,25971633904.0,16307879411.0,2000000.0,2000000.0
Luxembourg,2012,1.244,79198.0,37900.0,8585.0,887.0,0.53,24284889959.0,13726902677.0,2000000.0,2000000.0
Luxembourg,2013,0.553,91057.0,42485.0,8060.0,887.0,0.54,23934080172.0,13826005986.0,2000000.0,2000000.0
Luxembourg,2014,2.452,77943.0,45962.0,8592.5,887.0,0.56,23850012349.0,14790882956.0,1000000.0,1000000.0
Luxembourg,2015,1.498,91058.0,44382.0,9179.7,887.0,0.57,19296337662.0,12625702669.0,1000000.0,1000000.0
Luxembourg,2016,1.849,70069.0,33995.0,9528.8,887.0,0.58,19123618193.0,12838381070.0,1000000.0,1000000.0
Luxembourg,2017,1.622,77781.0,34951.0,9643.0,887.0,0.6,21070831564.3989,13959035854.0587,2380000.0,2346000.0
Luxembourg,2018,2.447,79650.0,35390.0,9960.0,887.0,0.61,23118820384.9876,15148367371.3814,2740000.0,2716000.0
Luxembourg,2019,2.143,82260.0,36050.0,10250.0,887.0,0.62,,,2076000.0,2024000.0
Luxembourg,2020,2.62,72400.0,33020.0,10340.0,887.0,0.63,,,1137000.0,1123000.0
Luxembourg,2021,1.137,76140.0,29040.0,10590.0,,0.64,,,200000.0,0.0
Malta,1990,1.214,4900.0,4001.0,1697.0,3.5,0.37,,,320000000.0,0.0
Malta,1991,0.119,5100.0,1800.0,1650.0,3.5,0.37,,,375000000.0,0.0
Malta,1992,0.242,5500.0,1700.0,1640.0,3.5,0.37,,,441000000.0,0.0
Malta,1993,0.597,5800.0,1500.0,1640.0,3.5,0.38,,,441000000.0,0.0
Malta,1994,1.397,6000.0,1300.0,1650.0,3.5,0.38,2440715008.0,1557655936.0,420000000.0,0.0
Malta,1995,0.43,6300.0,1100.0,1736.0,3.5,0.38,2941744384.0,1913218048.0,456000000.0,0.0
Malta,1996,0.607,4200.0,2800.0,1750.0,3.5,0.39,2802324992.0,1747885952.0,474000000.0,0.0
Malta,1997,1.023,9036.0,1507.0,1686.0,3.5,0.39,2553495296.0,1644257280.0,526000000.0,0.0
Malta,1998,0.846,9000.0,1700.0,1584.0,3.5,0.39,2666498816.0,1832752768.0,464000000.0,0.0
Malta,1999,1.246,8889.97,1900.0,1588.0,3.5,0.4,2840153600.0,1979632128.0,523000000.0,0.0
Malta,2000,1.034,9556.0,2158.0,1608.0,3.5,0.4,3399959136.0,2442762625.0,974000000.0,0.0
Malta,2001,1.642,9600.0,2200.0,1536.0,3.5,0.4,2725032393.0,1758218235.0,1176000000.0,0.0
Malta,2002,0.91,10000.0,2000.0,1636.0,3.5,0.4,2839178669.0,2126266232.0,1149000000.0,0.0
Malta,2003,1.387,9600.0,2200.0,1408.0,3.5,0.41,3402368654.0,2466970737.0,1344000000.0,0.0
Malta,2004,0.691,9951.94,2300.0,1290.0,3.5,0.41,4153374583.0,2631727830.0,1402000000.0,0.0
Malta,2005,0.706,10233.29,2200.0,1390.0,3.5,0.41,3865229252.0,2430591661.0,1136000000.0,0.0
Malta,2006,1.033,10500.0,2000.0,1398.0,3.5,0.41,4395512725.0,2847260492.0,1183000000.0,0.0
Malta,2007,1.425,12000.0,2200.0,1386.0,3.5,0.41,4947024161.0,3158339102.0,1325000000.0,0.0
Malta,2008,1.299,14500.0,2000.0,1479.0,3.5,0.41,5140832421.0,3028516490.0,1276000000.0,0.0
Malta,2009,1.112,13800.0,2100.0,1543.0,3.5,0.42,4034116625.0,2280269219.0,1343000000.0,7000000.0
Malta,2010,1.287,13038.07,2130.87,1422.0,3.5,0.42,5732174585.0,3716753993.0,1777000000.0,14000000.0
Malta,2011,1.067,12468.12,2128.82,1128.0,3.5,0.42,7395938428.0,5278693591.0,1720000000.0,3000000.0
Malta,2012,1.417,12172.61,2099.18,1111.0,3.5,0.43,7896220752.0,5646270198.0,1634000000.0,10000000.0
Malta,2013,1.328,11864.98,2109.31,1134.0,3.5,0.44,7525360716.0,5206239197.0,1677000000.0,9000000.0
Malta,2014,1.472,11543.04,2164.22,1129.0,3.5,0.45,8445208701.0,4970788422.0,1683000000.0,10000000.0
Malta,2015,1.455,10000.0,2180.12,1032.0,3.5,0.46,6788000921.0,3915447978.0,1765000000.0,10000000.0
Malta,2016,1.721,10595.53,2162.76,1151.0,3.8,0.47,7181978806.0,4038642974.0,1793000000.0,6000000.0
Malta,2017,1.22,12412.68,2174.34,1117.0,4.2,0.48,6827870815.65529,4077731851.86228,2021838000.0,5820000.0
Malta,2018,1.417,0.0,0.0,1070.0,4.6000000000000005,0.49,7204023522.9163,3868514079.30072,2108889999.9999998,5261000.0
Malta,2019,1.243,0.0,0.0,1030.0,4.6000000000000005,0.5,,,2114581000.0000002,6073000.0
Malta,2020,1.574,0.0,0.0,1140.0,4.6000000000000005,0.52,,,1973785000.0,7042000.0
Malta,2021,2.035,0.0,0.0,1050.0,,0.53,,,,
Netherlands,1990,1.559,1076000.0,219000.0,521000.0,3453.2999999999997,14.94,,,8686000000.0,305000000.0
Netherlands,1991,0.256,944146.0,237921.0,622802.0,3467.4700000000003,15.05,,,8546000000.0,313000000.0
Netherlands,1992,1.174,1016791.0,204024.0,635000.0,3481.64,15.15,134469935104.0,139934269440.0,6804000000.0,288000000.0
Netherlands,1993,0.242,1035000.0,253000.0,611000.0,3495.8100000000004,15.25,115667623936.0,131143254016.0,8465000000.0,256000000.0
Netherlands,1994,1.361,981000.0,227600.0,603000.0,3509.98,15.35,130511691776.0,145825202176.0,7951000000.0,217000000.0
Netherlands,1995,1.537,1167000.0,202500.0,579972.0,3524.15,15.45,157929373696.0,177626234880.0,7805000000.0,198000000.0
Netherlands,1996,-0.783,1268900.0,234800.0,580100.0,3538.3199999999997,15.54,160895811584.0,177368498176.0,7379000000.0,194000000.0
Netherlands,1997,0.608,1063000.0,268290.0,564700.0,3552.4900000000002,15.63,162359656448.0,184433197056.0,7936000000.0,159000000.0
Netherlands,1998,1.063,1072000.0,214500.0,534700.0,3566.66,15.72,156727887912.0,167595517225.0,7010000000.0,141000000.0
Netherlands,1999,1.569,851400.0,365000.0,507600.0,3580.8300000000004,15.81,167875451178.0,170538253232.0,9459000000.0,139000000.0
Netherlands,2000,1.587,1142700.0,287800.0,471000.0,3595.0,15.9,198926887688.0,213424403533.0,13084000000.0,123000000.0
Netherlands,2001,1.259,990700.0,386800.0,372000.0,3608.9800000000005,15.98,195562207699.0,216157868852.0,14709000000.0,116000000.0
Netherlands,2002,1.517,1056640.0,315300.0,384000.0,3622.96,16.06,194114787502.0,219820522373.0,15570000000.0,72000000.0
Netherlands,2003,1.196,1130100.0,349067.0,365000.0,3636.94,16.13,233996688734.0,264796481554.0,14090000000.0,78000000.0
Netherlands,2004,1.15,1223900.0,287600.0,386000.0,3650.92,16.2,284014019358.0,318040302606.0,15455000000.0,73000000.0
Netherlands,2005,1.241,1174686.0,307100.0,396008.0,3664.9,16.26,310591343869.0,349813022655.0,22400000000.0,70000000.0
Netherlands,2006,1.494,1184400.0,268700.0,384000.0,3678.8799999999997,16.33,358509533502.0,400685883216.0,24005000000.0,75000000.0
Netherlands,2007,2.061,1018000.0,260000.0,385571.0,3692.86,16.39,421367715819.0,477640553546.0,26334000000.0,74000000.0
Netherlands,2008,1.42,1366162.0,310200.0,378383.0,3706.84,16.46,494936571084.0,545853405260.0,26012000000.0,77000000.0
Netherlands,2009,1.213,1402040.0,309619.0,401752.0,3720.8199999999997,16.54,382190421771.0,431502452471.0,27993000000.0,78000000.0
Netherlands,2010,0.088,1369553.0,204444.0,388610.0,3734.8,16.62,439986633027.0,492645871626.0,30362000000.0,58000000.0
Netherlands,2011,1.056,1175275.0,204702.0,381559.0,3717.5,16.7,492837632152.0,530575758686.0,34240000000.0,39000000.0
Netherlands,2012,1.135,1302002.0,205912.0,373531.0,3700.2,16.79,500605323498.0,552461793743.0,33209000000.0,27000000.0
Netherlands,2013,0.414,1335105.0,208084.0,379100.0,3682.9,16.87,506162309058.0,571246854730.0,33938000000.0,31000000.0
Netherlands,2014,2.548,1304054.0,196925.0,376180.0,3665.6,16.95,508032877284.0,571347541556.0,35081000000.0,40000000.0
Netherlands,2015,1.269,1300085.0,229233.0,382520.0,3648.2999999999997,17.04,393728343914.171,437329137204.627,38631000000.0,29000000.0
Netherlands,2016,1.914,1016479.0,236231.0,416060.0,3657.6,17.12,408064986957.379,468170974308.879,31645000000.0,24000000.0
Netherlands,2017,1.704,1054151.0,204316.0,440639.0,3667.0,17.21,461870258266.103,527937032302.127,16060220000.0,24009000.0
Netherlands,2018,2.11,961920.0,247500.0,459210.0,3676.3,17.29,500630534558.599,555921409863.087,13046873000.0,18353000.0
Netherlands,2019,2.116,1130530.0,242370.0,424300.0,3685.7,17.36,,,11708872000.0,7488000.0
Netherlands,2020,2.458,931830.0,246190.0,432840.0,3695.0,17.43,,,19865047000.0,11485000.0
Netherlands,2021,1.285,947250.0,196590.0,429640.0,,17.5,,,27799352000.0,0.0
Poland,1990,1.707,9025756.0,4217418.0,725400.0,88820.0,38.06,,,101000000.0,741000000.0
Poland,1991,0.409,9269974.0,4257098.0,662500.0,88997.0,38.17,,,12000000.0,556000000.0
Poland,1992,1.143,7368097.0,2818788.0,544100.0,89174.0,38.25,,,1000000.0,502000000.0
Poland,1993,0.067,8242694.0,3254717.0,480400.0,89351.0,38.32,,,0.0,830000000.0
Poland,1994,1.368,7658457.0,2685786.0,421300.0,89528.0,38.38,21433480000.0,17194369000.0,11000000.0,937000000.0
Poland,1995,1.105,8668035.0,3278613.0,385700.0,89705.0,38.4,29019476000.0,22862130000.0,18000000.0,994000000.0
Poland,1996,-0.794,8575954.0,3436598.0,414900.0,89882.0,38.4,37094949000.0,24393116000.0,0.0,642000000.0
Poland,1997,0.002,8192681.0,3866103.0,429100.0,90059.0,38.4,42257501906.0,25700735424.0,170000000.0,805000000.0
Poland,1998,0.942,9536576.0,3611680.0,429900.0,90236.0,38.38,47003859000.0,28193638000.0,136000000.0,995000000.0
Poland,1999,1.196,9051339.0,3401107.0,384600.0,90413.0,38.35,45876120000.0,27374963000.0,32000000.0,915000000.0
Poland,2000,1.878,8502865.0,2783359.0,348500.0,90590.0,38.5,48127384000.0,30955677000.0,113000000.0,802000000.0
Poland,2001,1.277,9283044.0,3330484.0,316300.0,90860.0,38.66,49447434000.0,35367141000.0,185000000.0,634000000.0
Poland,2002,1.692,9304000.0,3369850.0,281300.0,91130.0,38.65,54266342000.0,40253902000.0,127000000.0,597000000.0
Poland,2003,0.356,7858160.0,2831485.0,317400.0,91400.0,38.62,67146113000.0,52755502000.0,32000000.0,632000000.0
Poland,2004,0.769,9892482.0,3570787.0,310500.0,91670.0,38.6,88154396605.0,73778927524.0,84000000.0,653000000.0
Poland,2005,0.866,8771434.0,3581156.0,309500.0,91940.0,38.58,101538809001.0,89378068787.0,13000000.0,584000000.0
Poland,2006,0.817,7059671.0,3161041.0,362900.0,92210.0,38.55,125645308490.0,109584113136.0,83000000.0,403000000.0
Poland,2007,2.127,8317265.0,4008096.0,379500.0,92480.0,38.52,164172482403.0,138784983216.0,97000000.0,325000000.0
Poland,2008,1.73,9274920.0,3619460.0,393400.0,92750.0,38.52,210478513051.0,171859897632.0,33000000.0,237000000.0
Poland,2009,1.248,9789586.0,3983900.0,396900.0,93020.0,38.56,149569835644.0,136641304601.0,50000000.0,218000000.0
Poland,2010,0.372,9408110.0,3397171.0,400900.0,93290.0,38.6,174127590293.0,157064948463.0,86000000.0,198000000.0
Poland,2011,0.736,9339200.0,3325900.0,391200.0,93472.0,38.62,209191546426.0,188105090147.0,71000000.0,208000000.0
Poland,2012,1.355,8607600.0,4180200.0,382900.0,93654.0,38.63,191430111658.0,179603599442.0,61000000.0,182000000.0
Poland,2013,0.622,9485183.0,2933579.0,373900.0,93836.0,38.61,205613792660.0,203847917759.0,62000000.0,140000000.0
Poland,2014,2.32,11628670.0,3274826.0,446300.0,94018.0,38.58,216687292345.0,214476794173.0,72000000.0,112000000.0
Poland,2015,1.97,10957787.0,2960662.0,486700.0,94200.0,38.55,189696473787.0,194461157270.0,2000000.0,91000000.0
Poland,2016,2.01,10827902.0,3441090.0,512000.0,94350.0,38.53,188517818933.0,196455269598.0,47000000.0,93000000.0
Poland,2017,1.433,11665702.0,3793032.0,569200.0,94470.0,38.53,217978575741.0,221307621302.0,38082000.0,94812000.0
Poland,2018,2.392,9637620.0,2991560.0,564840.0,94590.0,38.52,267699886888.0,261815268525.0,48101000.0,80023000.0
Poland,2019,2.615,10807490.0,3311570.0,560500.0,94710.0,38.49,246653880235.0,251864773270.0,15723000.0,73989000.0
Poland,2020,2.631,12515060.0,2948350.0,559460.0,94830.0,38.43,,,30843000.0,69643000.0
Poland,2021,1.417,11893550.0,2961650.0,555220.0,,38.31,,,29849000.0,0.0
Portugal,1990,1.405,297691.0,78532.0,116411.0,33990.0,10.01,25410539520.0,16425882624.0,1830000000.0,1667000000.0
Portugal,1991,0.441,618697.0,124104.0,132689.0,33872.0,9.99,26420817920.0,16346464256.0,2072000000.0,1701000000.0
Portugal,1992,0.431,361963.0,63000.0,127308.0,33754.0,9.98,30610466816.0,18564558848.0,3175000000.0,1539000000.0
Portugal,1993,-0.202,421838.0,98500.0,120426.0,33636.0,9.99,24244244480.0,15417361408.0,2287000000.0,1417000000.0
Portugal,1994,0.675,462536.0,96213.0,95164.0,33518.0,10.02,27065057280.0,17980733440.0,1393000000.0,1547000000.0
Portugal,1995,1.648,359849.0,53058.0,105016.0,33400.0,10.05,33565130752.0,23369994240.0,1865000000.0,1476000000.0
Portugal,1996,0.72,405826.0,69950.0,100304.0,33282.0,10.09,34121867264.0,23180974080.0,1154000000.0,1746000000.0
Portugal,1997,1.559,329271.0,28792.0,109538.0,33164.0,10.13,34440638464.0,23524898816.0,787000000.0,1816000000.0
Portugal,1998,1.151,150938.0,26203.0,96709.0,33046.0,10.18,37048459264.0,24217868288.0,1578000000.0,1802000000.0
Portugal,1999,0.561,352148.0,29304.0,98214.0,32928.0,10.23,39828577376.0,24493549734.0,1795000000.0,1584000000.0
Portugal,2000,0.613,354710.0,36353.0,100787.0,32810.0,10.3,39878842403.0,24327667762.0,1226000000.0,1489000000.0
Portugal,2001,1.12,153604.0,12597.0,96312.0,32781.0,10.37,39456360071.0,24086405739.0,1313000000.0,1292000000.0
Portugal,2002,0.622,413031.0,20022.0,106638.0,32752.0,10.43,40032082325.0,25825579640.0,2111000000.0,1144000000.0
Portugal,2003,1.405,149569.0,13028.0,105772.0,32723.0,10.47,47166165432.0,31833580815.0,1010000000.0,1077000000.0
Portugal,2004,0.972,292866.0,26248.0,119260.0,32694.0,10.5,68222019741.0,44354988764.0,645000000.0,913000000.0
Portugal,2005,0.941,81530.0,26271.0,119019.0,32665.0,10.52,63903733547.0,38672068551.0,1548000000.0,797000000.0
Portugal,2006,1.498,249580.0,105552.0,106087.0,32636.0,10.54,70707161372.0,44777435756.0,571000000.0,703000000.0
Portugal,2007,0.717,102258.0,80718.0,91743.0,32607.0,10.57,82267209952.0,52483606244.0,461000000.0,775000000.0
Portugal,2008,0.602,203289.0,99827.0,108540.0,32578.0,10.58,94553785723.0,57246284833.0,574000000.0,633000000.0
Portugal,2009,1.381,124146.0,72799.0,102995.0,32549.0,10.59,71810896681.0,44249979857.0,435000000.0,480000000.0
Portugal,2010,1.094,82577.0,30620.0,93159.0,32520.0,10.59,77682426213.0,49414051268.0,264000000.0,417000000.0
Portugal,2011,1.577,51003.0,21000.0,96003.0,32640.0,10.56,82923617602.0,59588301885.0,381000000.0,316000000.0
Portugal,2012,0.767,58990.0,21151.0,92988.0,32760.0,10.52,72506492414.0,58140499722.0,233000000.0,267000000.0
Portugal,2013,0.905,92014.0,32949.0,84011.0,32880.0,10.46,75713900496.0,62794139450.0,177000000.0,220000000.0
Portugal,2014,1.308,98794.0,37914.0,79843.0,33000.0,10.41,78395890972.0,63834385666.0,239000000.0,165000000.0
Portugal,2015,1.362,80393.0,44402.0,88645.0,33120.0,10.37,66909182383.9709,55045025717.8039,273000000.0,209000000.0
Portugal,2016,1.677,90017.0,46615.0,90704.0,33120.0,10.33,67952834136.5638,55371549249.5768,223000000.0,233000000.0
Portugal,2017,2.115,59610.0,55261.0,91187.0,33120.0,10.31,78746119203.7441,62116840516.2769,158225000.0,198013000.0
Portugal,2018,0.863,70110.0,62340.0,93790.0,33120.0,10.29,95629298715.0551,74135905807.867,175563000.0,194320000.0
Portugal,2019,1.25,77070.0,71650.0,92030.0,33120.0,10.29,,,188766000.0,169052000.0
Portugal,2020,1.95,83500.0,61950.0,97780.0,33120.0,10.3,,,257608999.99999997,151325000.0
Portugal,2021,1.213,69440.0,49720.0,103000.0,,10.29,,,157273000.0,14429000.0
Romania,1990,1.104,7289344.0,2679558.0,316500.0,63710.0,22.84,9088603136.0,5847390208.0,53000000.0,1651000000.0
Romania,1991,0.038,5473156.0,2950698.0,317000.0,63705.0,22.84,5793350656.0,4265651456.0,1579000000.0,2151000000.0
Romania,1992,0.367,3206382.0,1677956.0,249500.0,63700.0,22.8,6259609088.0,4363384320.0,1111000000.0,800000000.0
Romania,1993,-0.423,5314104.0,1552793.0,252000.0,63695.0,22.72,6521681920.0,4892156928.0,1569000000.0,508000000.0
Romania,1994,1.724,6135299.0,2133563.0,258000.0,63690.0,22.63,7109047808.0,6151244800.0,1452000000.0,881000000.0
Romania,1995,0.413,7666538.0,1816267.0,201781.0,63685.0,22.53,10277897216.0,7910049280.0,2213000000.0,918000000.0
Romania,1996,-0.415,3143818.0,1107547.0,177415.0,63680.0,22.42,11435274240.0,8084459008.0,3003000000.0,1016000000.0
Romania,1997,-0.413,7156188.0,1889343.0,185104.0,63675.0,22.29,11279739904.0,8431049216.0,3567000000.0,1149000000.0
Romania,1998,0.794,5181823.0,1238001.0,150245.0,63670.0,22.16,11835426816.0,8300932096.0,2368000000.0,975000000.0
Romania,1999,0.624,4661439.0,1018586.0,153000.0,63665.0,22.04,10395266048.0,8502972928.0,1304000000.0,851000000.0
Romania,2000,1.341,4434438.0,867018.0,162000.0,63660.0,21.92,13054494720.0,10366522368.0,1305000000.0,803000000.0
Romania,2001,1.532,7735136.0,1580048.0,144558.0,63809.0,21.8,15551616000.0,11384993792.0,2186000000.0,865000000.0
Romania,2002,1.214,4420995.0,1160387.0,156106.0,63958.0,21.65,17861681152.0,13875708928.0,1204000000.0,473000000.0
Romania,2003,0.14,2479052.0,540849.0,185400.0,64107.0,21.48,24003123200.0,17618059264.0,947000000.0,333000000.0
Romania,2004,0.552,7812428.0,1405996.0,161618.0,64256.0,21.29,32663737842.0,23485361671.0,671000000.0,450000000.0
Romania,2005,0.295,7340664.0,1079148.0,190196.0,64405.0,21.09,40462893575.0,27729597128.0,335000000.0,412000000.0
Romania,2006,0.516,5526190.0,772929.0,159313.0,64554.0,20.91,51106038518.0,32336029667.0,473000000.0,486000000.0
Romania,2007,2.116,3044465.0,531420.0,164642.0,64703.0,20.74,69946195080.0,40264716419.0,104000000.0,225000000.0
Romania,2008,1.331,7180984.0,1209411.0,149660.0,64852.0,20.6,82964978909.0,49538877501.0,70000000.0,102000000.0
Romania,2009,1.609,5202526.0,1182062.0,155199.0,65001.0,20.47,54256269456.0,40620889720.0,53000000.0,84000000.0
Romania,2010,1.154,5811810.0,1311035.0,154464.0,65150.0,20.34,62006624402.0,49413386103.0,83000000.0,46000000.0
Romania,2011,0.482,7131590.0,1329692.0,142306.0,65921.92,20.22,76365284687.0,62692001406.0,15000000.0,86000000.0
Romania,2012,1.815,5297748.0,986361.0,114464.0,66693.84,20.14,70259718629.0,57904330434.0,2000000.0,52000000.0
Romania,2013,1.366,7296373.0,1542247.0,96179.0,67465.76,20.07,73452191656.0,65881441578.0,1000000.0,33000000.0
Romania,2014,1.548,7584814.0,1712509.0,107581.0,68237.68,20.0,77889070909.0,69877890844.0,,
Romania,2015,1.798,7962421.0,1626330.0,118851.0,69009.6,19.91,69857682405.0,60605047667.0,,
Romania,2016,1.883,8431131.0,1817269.0,116177.0,69290.5,19.8,74604616829.0,63581004346.0,,
Romania,2017,1.165,10034955.0,1906703.0,110991.0,69290.5,19.7,85318177451.14,70626887499.98,,
Romania,2018,2.278,10143670.0,1870710.0,78760.0,69290.5,19.61,97877632897.85,80077606266.88,,
Romania,2019,2.266,10297110.0,1879950.0,73730.0,69290.5,19.52,,,4970000.0,4412000.0
Romania,2020,2.283,6392370.0,1141010.0,87490.0,69290.5,19.44,,,,
Romania,2021,1.497,10433750.0,1981030.0,82720.0,,19.33,,,6000000.0,0.0
Slovakia,1993,0.032,1528513.0,822749.0,92810.0,19021.59,5.32,,,5000000.0,0.0
Slovakia,1994,1.687,2144626.0,873860.0,67064.0,19020.52,5.34,6610932736.0,6690227200.0,0.0,144000000.0
Slovakia,1995,0.682,1937937.0,794182.0,59336.0,19019.45,5.35,8161863680.0,8374272512.0,0.0,17000000.0
Slovakia,1996,-0.423,1713061.0,718063.0,61109.0,19018.38,5.36,9409979392.0,7490881536.0,13000000.0,0.0
Slovakia,1997,-0.256,1885961.0,868538.0,65572.0,19017.31,5.37,11726973952.0,9633901568.0,183000000.0,160000000.0
Slovakia,1998,1.024,1789299.0,874953.0,58813.0,19016.24,5.37,13070530560.0,10718081024.0,182000000.0,155000000.0
Slovakia,1999,0.769,1187264.0,723663.0,50164.0,19015.170000000002,5.37,11130500282.0,10056773255.0,71000000.0,130000000.0
Slovakia,2000,1.626,1254310.0,396748.0,47950.0,19014.100000000002,5.38,12774126851.0,11884547516.0,36000000.0,83000000.0
Slovakia,2001,1.241,1800086.0,613295.0,38175.0,19030.6,5.38,14769682306.0,12635923084.0,30000000.0,305000000.0
Slovakia,2002,1.38,1554425.0,695017.0,41640.0,19047.1,5.38,16627735554.0,14477417105.0,16000000.0,333000000.0
Slovakia,2003,0.653,930363.0,804200.0,32885.0,19063.6,5.37,22600764722.0,21916964382.0,64000000.0,287000000.0
Slovakia,2004,0.549,1764846.0,915903.0,25580.0,19080.1,5.37,29456675922.0,27864033854.0,41000000.0,195000000.0
Slovakia,2005,0.397,1607868.0,739311.0,26385.0,19096.600000000002,5.38,34225828873.0,31852133630.0,31000000.0,202000000.0
Slovakia,2006,0.627,1342693.0,641768.0,21413.0,19113.1,5.38,44758621589.0,41686247338.0,104000000.0,253000000.0
Slovakia,2007,2.147,1379643.0,659621.0,22989.0,19129.6,5.38,59207793369.0,58036003409.0,50000000.0,244000000.0
Slovakia,2008,1.53,1819479.0,891317.0,19862.0,19146.1,5.38,72611558377.0,70188697344.0,103000000.0,236000000.0
Slovakia,2009,1.496,1537905.0,675475.0,17672.0,19162.6,5.39,55159944855.0,55553022159.0,84000000.0,57000000.0
Slovakia,2010,0.68,1185286.0,361390.0,15611.0,19179.100000000002,5.4,65644055128.1131,65306124077.0689,80000000.0,60000000.0
Slovakia,2011,0.84,1631112.0,525001.0,13177.0,19186.780000000002,5.4,78796435990.6445,78970052407.0918,101000000.0,43000000.0
Slovakia,2012,1.57,1275302.0,470482.0,13177.0,19194.46,5.41,76372724397.8659,79953451796.8147,117000000.0,98000000.0
Slovakia,2013,0.948,1684274.0,446049.0,11721.0,19202.14,5.41,80809203389.9074,85189617329.1069,181000000.0,0.0
Slovakia,2014,2.315,2072405.3,675852.5,11597.37,19209.82,5.42,81119383355.44,85767258263.2994,4000000.0,1000000.0
Slovakia,2015,2.099,2082134.0,668644.0,10711.0,19217.5,5.42,73053050320.5355,74969507247.2711,66000000.0,2000000.0
Slovakia,2016,1.925,2434213.0,584602.0,10261.0,19233.699999999997,5.43,74920610772.8946,76997192268.0,142000000.0,1000000.0
Slovakia,2017,1.253,1770659.0,545285.0,10534.0,19259.0,5.44,81935090097.9994,83475386333.1902,133000000.0,1000000.0
Slovakia,2018,2.54,1927930.0,486900.0,10670.0,19259.0,5.45,92928603861.2476,93443738159.6987,77000000.0,152000000.0
Slovakia,2019,2.423,1939130.0,599560.0,10710.0,19259.0,5.45,,,44000000.0,149000000.0
Slovakia,2020,2.03,2133330.0,679400.0,10920.0,19259.0,5.46,,,26000000.0,156000000.0
Slovakia,2021,1.29,2002240.0,592740.0,11930.0,,5.45,,,65560000.0,0.0
Slovenia,1992,1.169,152705.0,26559.0,38166.0,11970.0,1.99,,,133000000.0,102000000.0
Slovenia,1993,0.576,142856.0,26378.0,51527.0,12015.0,1.99,,,140000000.0,138000000.0
Slovenia,1994,1.883,155343.0,44250.0,52200.0,12060.0,1.99,7303908864.0,8315799040,197000000.0,135000000.0
Slovenia,1995,0.814,155575.0,44018.0,51200.0,12105.0,1.99,9491651584.0,8315799040.0,87000000.0,117000000.0
Slovenia,1996,-0.1,137120.0,40626.0,33641.0,12150.0,1.99,9420645376.0,8309795840.0,152000000.0,111000000.0
Slovenia,1997,0.484,138930.0,38834.0,33781.0,12195.0,1.99,9365660672.0,8368848896.0,56000000.0,132000000.0
Slovenia,1998,1.379,169097.0,43407.0,33721.0,12240.0,1.99,10110369792.0,9050524672.0,99000000.0,107000000.0
Slovenia,1999,0.885,117251.0,41454.0,34482.0,12285.0,1.99,10081416835.0,8545870832.0,96000000.0,131000000.0
Slovenia,2000,1.8,162559.0,37756.0,34572.0,12330.0,1.98,10114677691.0,8732145119.0,88000000.0,102000000.0
Slovenia,2001,1.724,181083.0,44490.0,39159.0,12344.0,1.98,10146304376.0,9252429928.0,110000000.0,101000000.0
Slovenia,2002,1.525,174868.0,48135.0,40472.0,12358.0,1.98,10932233218.0,10356930502.0,82000000.0,72000000.0
Slovenia,2003,1.46,122920.0,39733.0,43136.0,12372.0,1.99,13852408345.0,12766870956.0,63000000.0,52000000.0
Slovenia,2004,0.765,146829.0,59729.0,40079.0,12386.0,2.0,17569445218.0,15878765740.0,52000000.0,47000000.0
Slovenia,2005,0.517,141293.0,61239.0,37382.0,12400.0,2.0,19626300213.0,17896024019.0,74000000.0,44000000.0
Slovenia,2006,0.904,134449.0,61623.0,37908.0,12414.0,2.01,23013428111.0,20982712891.0,84000000.0,43000000.0
Slovenia,2007,2.205,133339.0,67904.0,36203.0,12428.0,2.02,29476189619.0,26551122023.0,77000000.0,17000000.0
Slovenia,2008,1.612,160297.0,76788.0,36943.0,12442.0,2.03,33985543847.0,29252924301.0,85000000.0,15000000.0
Slovenia,2009,1.667,136904.0,70793.0,35260.0,12456.0,2.05,23901831218.0,22405415273.0,53000000.0,16000000.0
Slovenia,2010,0.808,153481.0,80120.0,35772.0,12470.0,2.06,26591707913.0,24434752222.0,28000000.0,8000000.0
Slovenia,2011,1.391,153575.0,79386.0,35571.0,12472.0,2.07,31236842607.0,28984136412.0,41000000.0,7000000.0
Slovenia,2012,1.967,188065.0,84727.0,33089.0,12474.0,2.07,28382568378.0,27080021571.0,59000000.0,8000000.0
Slovenia,2013,1.27,138235.0,69303.0,32104.0,12476.0,2.07,29375441105.0,28628740459.0,71000000.0,7000000.0
Slovenia,2014,2.474,173245.0,89700.0,31566.0,12478.0,2.07,30049305586.0,30522102229.0,103000000.0,6000000.0
Slovenia,2015,2.171,157058.0,93174.0,33583.0,12480.0,2.08,25870229469.0,26586979271.0,260000000.0,3000000.0
Slovenia,2016,2.091,163165.0,91653.0,35656.0,12459.7,2.09,26690369758.47,27657727689.77,436000000.0,1000000.0
Slovenia,2017,1.765,140961.0,97929.0,35795.0,12439.300000000001,2.1,31149443532.62,31893789564.46,409390000.0,211000.0
Slovenia,2018,2.452,121900.0,88060.0,34870.0,12419.0,2.11,36267337521.5,36471278939.42,441973000.0,205000.0
Slovenia,2019,2.367,139810.0,102480.0,35740.0,12398.599999999999,2.11,,,302320000.0,0.0
Slovenia,2020,2.26,158180.0,122180.0,36500.0,12378.3,2.12,,,425643000.0,0.0
Slovenia,2021,1.565,154450.0,119130.0,37540.0,,2.12,,,273721000.0,0.0
Spain,1990,1.412,4773500.0,9382100.0,513898.0,139046.6,38.89,87703183360.0,55632228352.0,1107000000.0,4429000000.0
Spain,1991,0.171,5467700.0,9262486.0,509284.0,142235.87,39.0,93328449536.0,60184915968.0,2418000000.0,4604000000.0
Spain,1992,0.273,4357506.0,6105000.0,539418.0,145425.13999999998,39.2,99756941312.0,64317505536.0,1608000000.0,4306000000.0
Spain,1993,-0.095,4972971.0,9700797.0,488000.0,148614.41,39.42,79749464064.0,60968476672.0,1241000000.0,4674000000.0
Spain,1994,0.997,4302340.0,7415500.0,483734.0,151803.68,39.62,92502409216.0,73187876864.0,1462000000.0,5426000000.0
Spain,1995,1.387,3138700.0,5046600.0,508492.0,154992.95,39.81,113398595584.0,89616056320.0,1570000000.0,5141000000.0
Spain,1996,0.655,6040500.0,10697000.0,564602.0,158182.22,40.0,123182899200.0,101592293376.0,1055000000.0,3444000000.0
Spain,1997,1.467,4676290.0,8549540.0,592252.0,161371.49,40.18,124417654784.0,106240696320.0,1645000000.0,3346000000.0
Spain,1998,1.116,5436300.0,10895300.0,650727.0,164560.76,40.36,134522634240.0,109251190784.0,2289000000.0,3244000000.0
Spain,1999,0.741,5083800.0,7434300.0,661068.0,167750.03,40.54,147865871280.0,111492928927.0,2235000000.0,2583000000.0
Spain,2000,0.742,7293623.0,11063008.0,651093.0,170939.3,40.74,152898168796.0,113343229177.0,2756000000.0,2430000000.0
Spain,2001,1.344,5007698.0,6249139.0,650841.0,172390.71,40.97,154992565306.0,116148837947.0,3297000000.0,2285000000.0
Spain,2002,0.743,6822160.0,8362328.0,678838.0,173842.12,41.48,165919564934.0,125872283010.0,3718000000.0,2424000000.0
Spain,2003,1.529,6290100.0,8698400.0,706369.0,175293.53,42.23,208548695563.0,156004713416.0,3499000000.0,2496000000.0
Spain,2004,0.927,7096724.0,10639817.0,713886.0,176744.94,42.96,259264826295.0,182727353874.0,3940000000.0,1585000000.0
Spain,2005,0.824,4026694.0,4626059.0,715329.0,178196.34999999998,43.69,289610794906.0,192798426846.0,4162000000.0,1065000000.0
Spain,2006,1.459,5521582.0,8136389.0,670048.0,179647.76,44.42,329975826516.0,214061202096.0,3558000000.0,2045000000.0
Spain,2007,0.767,6436359.0,11945319.0,620166.0,181099.17,45.25,391236947607.0,253753921535.0,3379000000.0,1845000000.0
Spain,2008,0.8,6714300.0,11261100.0,658332.0,182550.58000000002,45.97,418728299509.0,279231467630.0,3481000000.0,1772000000.0
Spain,2009,1.286,4804772.0,7295934.0,598431.0,184001.99,46.37,287501636242.0,223132207940.0,4255000000.0,1435000000.0
Spain,2010,0.835,5941197.0,8154392.0,606596.0,185453.4,46.57,315547199309.0,246265330443.0,3408000000.0,1180000000.0
Spain,2011,1.539,6876657.0,8287073.0,604113.0,185465.08000000002,46.73,362834518549.0,298170964481.0,3785000000.0,1134000000.0
Spain,2012,0.958,5189828.0,5956300.0,591319.0,185476.76,46.76,325835176357.0,285936445693.0,3233000000.0,761000000.0
Spain,2013,0.818,7744900.0,10005000.0,580840.0,185488.44,46.6,332266845875.0,310963647634.0,4391000000.0,797000000.0
Spain,2014,1.517,6471400.0,6983109.0,585218.0,185500.12,46.46,350977772970.0,318649311794.0,5555000000.0,620000000.0
Spain,2015,1.432,6362694.0,6705106.0,626104.0,185511.8,46.43,305266032300.0,278122010154.0,4484000000.0,534000000.0
Spain,2016,1.642,7873135.0,9176159.0,637012.74,185552.40000000002,46.47,302538874349.0,281776673688.0,6144000000.0,623000000.0
Spain,2017,1.973,4875957.0,5785944.0,643860.64,185593.0,46.58,350921561671.41,319621896043.699,7020000000.0,896000000.0
Spain,2018,1.069,8322510.0,9554160.0,669010.0,185635.9,46.79,376185085923.398,328527654075.783,7371000000.0,893000000.0
Spain,2019,1.446,6041170.0,7744150.0,695170.0,185678.80000000002,47.13,,,6843000000.0,934000000.0
Spain,2020,1.972,8143510.0,11465350.0,677740.0,185721.69999999998,47.36,,,3974000000.0,637000000.0
Spain,2021,1.312,8564630.0,9275920.0,717880.0,,47.49,,,4149572000.0,49850000.0
Sweden,1990,1.697,2242900.0,2122600.0,145255.0,280630.0,8.55,,,1017000000.0,1470000000.0
Sweden,1991,1.028,1480900.0,1935300.0,132000.0,280730.0,8.59,,,878000000.0,1211000000.0
Sweden,1992,1.378,1406300.0,1261000.0,125450.0,280830.0,8.64,49849364480.0,55771148288.0,1040000000.0,1042000000.0
Sweden,1993,0.813,1746200.0,1670500.0,136660.0,280930.0,8.68,42634072064.0,49677475840.0,952000000.0,1232000000.0
Sweden,1994,0.201,1344700.0,1660900.0,136720.0,281030.0,8.72,51762065408.0,61077110784.0,1519000000.0,1489000000.0
Sweden,1995,1.27,1553800.0,1792700.0,143330.0,281130.0,8.76,61646684160.0,77436321792.0,1111000000.0,1465000000.0
Sweden,1996,-0.153,2030000.0,2113400.0,137420.0,281230.0,8.79,64431443968.0,83408199680.0,1829000000.0,1564000000.0
Sweden,1997,0.99,2056200.0,2086300.0,148890.0,281330.0,8.81,63168258048.0,81477337088.0,686000000.0,1402000000.0
Sweden,1998,0.569,2248700.0,1686900.0,142500.0,281430.0,8.83,68606316544.0,84991770624.0,923000000.0,1353000000.0
Sweden,1999,1.369,1658900.0,1852500.0,144040.0,281530.0,8.85,63989285556.0,75660616644.0,475000000.0,1338000000.0
Sweden,2000,1.729,2371900.0,1615400.0,149810.0,281630.0,8.87,72766525029.0,86937360869.0,519000000.0,1067000000.0
Sweden,2001,1.078,2371500.0,1623000.0,143190.0,281540.0,8.9,63536271623.0,76303316484.0,715000000.0,1030000000.0
Sweden,2002,1.571,2088100.0,1757200.0,146480.0,281450.0,8.93,67120675767.0,82983411602.0,544000000.0,1124000000.0
Sweden,2003,0.92,2256200.0,1528400.0,140400.0,281360.0,8.96,84199455582.0,102410949441.0,759000000.0,1271000000.0
Sweden,2004,1.201,2412300.0,1691900.0,142420.0,281270.0,9.0,100832516828.0,123309700172.0,329000000.0,1183000000.0
Sweden,2005,1.828,2246800.0,1592900.0,135940.0,281180.0,9.05,111351341748.0,130263720466.0,539000000.0,936000000.0
Sweden,2006,1.492,1967400.0,1110600.0,137410.0,281090.0,9.1,127100924462.0,147370407950.0,637000000.0,910000000.0
Sweden,2007,1.94,2255700.0,1439000.0,133540.0,281000.0,9.16,152822698820.0,169061476944.0,920000000.0,811000000.0
Sweden,2008,1.965,2202200.0,1671600.0,128790.0,280910.0,9.23,168981675433.0,183880641872.0,1062000000.0,793000000.0
Sweden,2009,1.438,2277900.0,1680900.0,139830.0,280820.0,9.3,119948706612.0,131116175379.0,1240000000.0,674000000.0
Sweden,2010,-0.274,2143000.0,1232300.0,137800.0,280730.0,9.38,148788238595.0,158410621989.0,1048000000.0,709000000.0
Sweden,2011,1.278,2253100.0,1409100.0,137880.0,280544.0,9.47,176944637697.0,186898110097.0,1223000000.0,602000000.0
Sweden,2012,1.322,2289300.0,1701700.0,125340.0,280358.0,9.56,164542408778.0,172439164052.0,783000000.0,559000000.0
Sweden,2013,0.863,1868600.0,1940100.0,125880.0,280172.0,9.65,160588787761.0,167494677078.0,761000000.0,481000000.0
Sweden,2014,2.711,3086400.0,1574200.0,131620.0,279986.0,9.75,162257051136.0,164680012839.0,389000000.0,378000000.0
Sweden,2015,2.081,3300400.0,1672300.0,143980.0,279800.0,9.85,138360516930.0,140001205633.0,689000000.0,277000000.0
Sweden,2016,1.85,2834500.0,1530400.0,131250.0,279800.0,9.95,140983635202.792,139273334049.354,2057000000.0,277000000.0
Sweden,2017,1.593,3298600.0,1635200.0,132070.0,279800.0,10.06,154195426142.139,152902201865.829,1577000000.0,291878000.0
Sweden,2018,1.849,1620300.0,1094400.0,138420.0,279800.0,10.16,170154447495.327,165926284400.539,1799000000.0,338535000.0
Sweden,2019,1.572,3476800.0,1546500.0,141150.0,279800.0,10.27,,,842000000.0,286672000.0
Sweden,2020,2.953,3214300.0,1513500.0,142520.0,279800.0,10.37,,,771630000.0,263606000.0
Sweden,2021,1.85,3027800.0,1060400.0,137370.0,,10.47,,,612404000.0,0.0
Belgium,1999,,,,,,,164603472960.0,178866828247.0,2227000000.0,1528000000.0
Czech Rep.,2019,,,,,,,175175148622.0,197630317027.0,,
Czech Rep.,2018,,,,,,,184924023432.0,202521577709.0,,
Czech Rep.,2017,,,,,,,162898931578.0,182231360523.0,,
Czech Rep.,2016,,,,,,,142327655949.0,162087332190.0,,
Czech Rep.,2015,,,,,,,140716185564.0,157194122601.0,,
Czech Rep.,2014,,,,,,,153225461484.0,174279451675.0,,
Czech Rep.,2013,,,,,,,142525808089.0,161524152111.0,,
Czech Rep.,2012,,,,,,,139726823793.0,156422742613.0,,
Czech Rep.,2011,,,,,,,150813415501.0,162391721227.0,,
Czech Rep.,2010,,,,,,,125690657757.0,132140913815.0,,
Czech Rep.,2009,,,,,,,104849536210.0,112884321338.0,,
Czech Rep.,2008,,,,,,,141833835988.0,146087028735.0,,
Czech Rep.,2007,,,,,,,116822197474.0,120900492192.0,,
Czech Rep.,2006,,,,,,,93429474463.0,95140986342.0,,
Czech Rep.,2005,,,,,,,76527310253.0,78208547529.0,,
Czech Rep.,2004,,,,,,,66705681857.0,65771586904.0,,
Czech Rep.,2003,,,,,,,51239343424.0,48720350334.0,,
Czech Rep.,2002,,,,,,,48230794211.0,44263575824.0,,
Czech Rep.,2001,,,,,,,36476653549.0,33384210374.0,,
Czech Rep.,2000,,,,,,,32242586506.0,29052866787.0,,
Czech Rep.,1999,,,,,,,28837311765.0,26842601535.0,,
Czech Rep.,1998,,,,,,,30524192768.0,28305768448.0,,
Czech Rep.,1997,,,,,,,27183540224.0,22746343424.0,,
Czech Rep.,1996,,,,,,,27717294080.0,21907320832.0,,
Czech Rep.,1995,,,,,,,25303402496.0,21685565440.0,,
Czech Rep.,1994,,,,,,,14950940672.0,14081443840.0,,
Czech Rep.,1993,,,,,,,12703873024.0,12892198912.0,,
Luxembourg,1999,,,,,,,10346585824.0,7673970126.0,5000000.0,5000000.0
Belgium,1998,,,,,,,,,2833000000.0,1545000000.0
Belgium,1997,,,,,,,,,2799000000.0,1470000000.0
Belgium,1996,,,,,,,,,2814000000.0,1618000000.0
Belgium,1995,,,,,,,,,2778000000.0,1789000000.0
Belgium,1994,,,,,,,,,3506000000.0,1908000000.0
Belgium,1993,,,,,,,,,3100000000.0,1888000000.0
Belgium,1992,,,,,,,,,3036000000.0,2029000000.0
Belgium,1991,,,,,,,,,2779000000.0,2025000000.0
Belgium,1990,,,,,,,,,3201000000.0,1550000000.0
Czechia,1992,,,,,,,,,545000000.0,1621000000.0
Luxembourg,1998,,,,,,,,,7000000.0,7000000.0
Luxembourg,1997,,,,,,,,,37000000.0,36000000.0
Luxembourg,1996,,,,,,,,,80000000.0,74000000.0
Luxembourg,1995,,,,,,,,,95000000.0,97000000.0
Luxembourg,1994,,,,,,,,,207000000.0,203000000.0
Luxembourg,1993,,,,,,,,,250000000.0,238000000.0
Luxembourg,1992,,,,,,,,,241000000.0,222000000.0
Luxembourg,1991,,,,,,,,,258000000.0,250000000.0
Luxembourg,1990,,,,,,,,,247000000.0,242000000.0
Slovakia,1992,,,,,,,,,47000000.0,812000000.0
